path_id,point_id,base_date_time_gt,longitude_gt,latitude_gt,longitude_pred,latitude_pred,sog_gt,sog_pred,heading_gt,heading_pred,haversine_dist_km,consolidated_rmse
100000001,1,05-01-25 00:00,-79.82727,26.11524,-79.82727,26.11524,9.4,9.4,71,71.0,0.0,994.86298
100000001,2,05-01-25 00:02,-79.82138,26.11958,,,10.1,,54,,1000.0,
100000001,3,05-01-25 00:03,-79.81898,26.12211,,,10.5,,48,,1000.0,
100000001,4,05-01-25 00:05,-79.81675,26.12489,,,10.8,,38,,1000.0,
100000001,5,05-01-25 00:06,-79.81486,26.12808,-79.81486,26.12808,11.0,11.0,27,27.0,0.0,
100000001,6,05-01-25 00:07,-79.81365,26.13107,,,11.2,,21,,1000.0,
100000001,7,05-01-25 00:08,-79.81268,26.13466,,,11.5,,15,,1000.0,
100000001,8,05-01-25 00:09,-79.81206,26.13845,,,11.8,,14,,1000.0,
100000001,9,05-01-25 00:10,-79.81161,26.14178,,,12.0,,14,,1000.0,
100000001,10,05-01-25 00:11,-79.81106,26.14567,,,12.3,,16,,1000.0,
100000001,11,05-01-25 00:12,-79.81038,26.14973,,,12.4,,16,,1000.0,
100000001,12,05-01-25 00:13,-79.80986,26.15316,,,12.5,,16,,1000.0,
100000001,13,05-01-25 00:15,-79.80919,26.15709,,,12.5,,16,,1000.0,
100000001,14,05-01-25 00:16,-79.8084,26.16179,,,12.6,,17,,1000.0,
100000001,15,05-01-25 00:17,-79.80764,26.1658,,,12.6,,17,,1000.0,
100000001,16,05-01-25 00:18,-79.80689,26.16991,,,12.6,,17,,1000.0,
100000001,17,05-01-25 00:19,-79.80612,26.17401,,,12.7,,17,,1000.0,
100000001,18,05-01-25 00:21,-79.80541,26.17803,,,12.6,,17,,1000.0,
100000001,19,05-01-25 00:22,-79.80468,26.18208,,,12.7,,17,,1000.0,
100000001,20,05-01-25 00:23,-79.80394,26.18622,,,12.7,,17,,1000.0,
100000001,21,05-01-25 00:24,-79.80321,26.19028,,,12.7,,17,,1000.0,
100000001,22,05-01-25 00:25,-79.80238,26.195,,,12.7,,17,,1000.0,
100000001,23,05-01-25 00:27,-79.8016,26.19909,,,12.7,,17,,1000.0,
100000001,24,05-01-25 00:28,-79.80078,26.20311,,,12.7,,17,,1000.0,
100000001,25,05-01-25 00:29,-79.80001,26.20725,,,12.7,,17,,1000.0,
100000001,26,05-01-25 00:30,-79.79913,26.21198,,,12.8,,17,,1000.0,
100000001,27,05-01-25 00:31,-79.79838,26.21595,,,12.8,,17,,1000.0,
100000001,28,05-01-25 00:33,-79.79746,26.22067,,,12.7,,17,,1000.0,
100000001,29,05-01-25 00:34,-79.79664,26.2248,,,12.8,,16,,1000.0,
100000001,30,05-01-25 00:35,-79.7961,26.22831,,,12.8,,16,,1000.0,
100000001,31,05-01-25 00:36,-79.79537,26.23243,,,12.7,,16,,1000.0,
100000001,32,05-01-25 00:37,-79.79467,26.23654,,,12.8,,16,,1000.0,
100000001,33,05-01-25 00:38,-79.79392,26.24065,,,12.7,,16,,1000.0,
100000001,34,05-01-25 00:40,-79.79322,26.24471,,,12.7,,16,,1000.0,
100000001,35,05-01-25 00:41,-79.79242,26.24888,,,13.0,,15,,1000.0,
100000001,36,05-01-25 00:42,-79.79179,26.25306,,,12.8,,15,,1000.0,
100000001,37,05-01-25 00:43,-79.79111,26.25711,,,12.8,,15,,1000.0,
100000001,38,05-01-25 00:44,-79.79053,26.26061,,,12.8,,15,,1000.0,
100000001,39,05-01-25 00:45,-79.78988,26.26484,,,12.8,,15,,1000.0,
100000001,40,05-01-25 00:46,-79.78928,26.26892,,,12.8,,15,,1000.0,
100000001,41,05-01-25 00:48,-79.7886,26.27312,,,12.7,,15,,1000.0,
100000001,42,05-01-25 00:49,-79.78799,26.27716,,,12.8,,15,,1000.0,
100000001,43,05-01-25 00:50,-79.78741,26.28139,,,12.8,,15,,1000.0,
100000001,44,05-01-25 00:51,-79.78672,26.28592,,,12.8,,15,,1000.0,
100000001,45,05-01-25 00:52,-79.78605,26.29003,,,12.8,,15,,1000.0,
100000001,46,05-01-25 00:54,-79.78527,26.29479,,,12.8,,14,,1000.0,
100000001,47,05-01-25 00:55,-79.7846,26.29899,,,12.8,,13,,1000.0,
100000001,48,05-01-25 00:56,-79.78406,26.30313,,,12.8,,13,,1000.0,
100000001,49,05-01-25 00:57,-79.78357,26.30725,,,12.7,,13,,1000.0,
100000001,50,05-01-25 00:58,-79.78299,26.31134,,,12.7,,13,,1000.0,
100000001,51,05-01-25 01:00,-79.78245,26.31544,,,12.7,,13,,1000.0,
100000001,52,05-01-25 01:01,-79.78187,26.31972,,,12.8,,13,,1000.0,
100000001,53,05-01-25 01:02,-79.78131,26.32377,,,12.8,,13,,1000.0,
100000001,54,05-01-25 01:03,-79.78077,26.32786,,,12.7,,13,,1000.0,
100000001,55,05-01-25 01:04,-79.78028,26.33194,,,12.8,,13,,1000.0,
100000001,56,05-01-25 01:05,-79.7797,26.3361,,,12.7,,14,,1000.0,
100000001,57,05-01-25 01:07,-79.77903,26.3408,,,12.7,,14,,1000.0,
100000001,58,05-01-25 01:08,-79.77843,26.34488,,,12.8,,14,,1000.0,
100000001,59,05-01-25 01:09,-79.7778,26.3492,,,12.7,,14,,1000.0,
100000001,60,05-01-25 01:10,-79.77718,26.35322,,,12.8,,14,,1000.0,
100000001,61,05-01-25 01:12,-79.77643,26.35792,,,12.8,,14,,1000.0,
100000001,62,05-01-25 01:13,-79.77585,26.36211,,,12.8,,14,,1000.0,
100000001,63,05-01-25 01:14,-79.77525,26.36628,,,12.8,,14,,1000.0,
100000001,64,05-01-25 01:15,-79.7746,26.37044,,,12.9,,14,,1000.0,
100000001,65,05-01-25 01:16,-79.774,26.37467,,,12.9,,14,,1000.0,
100000001,66,05-01-25 01:18,-79.77326,26.37939,,,12.9,,14,,1000.0,
100000001,67,05-01-25 01:19,-79.77258,26.38341,,,12.9,,14,,1000.0,
100000001,68,05-01-25 01:20,-79.77166,26.38937,,,12.9,,14,,1000.0,
100000001,69,05-01-25 01:22,-79.77067,26.39597,,,12.9,,14,,1000.0,
100000001,70,05-01-25 01:23,-79.77003,26.40013,,,12.9,,14,,1000.0,
100000001,71,05-01-25 01:25,-79.76923,26.40492,,,12.9,,14,,1000.0,
100000001,72,05-01-25 01:26,-79.76857,26.4096,,,12.8,,14,,1000.0,
100000001,73,05-01-25 01:27,-79.76789,26.41435,,,12.8,,14,,1000.0,
100000001,74,05-01-25 01:29,-79.76723,26.41845,,,12.9,,14,,1000.0,
100000001,75,05-01-25 01:30,-79.76659,26.42264,,,12.9,,14,,1000.0,
100000001,76,05-01-25 01:32,-79.76551,26.42913,,,12.8,,16,,1000.0,
100000001,77,05-01-25 01:34,-79.76426,26.43613,,,12.8,,16,,1000.0,
100000001,78,05-01-25 01:35,-79.76346,26.44031,,,12.8,,16,,1000.0,
100000001,79,05-01-25 01:37,-79.76221,26.44738,,,12.8,,16,,1000.0,
100000001,80,05-01-25 01:38,-79.76146,26.45146,,,12.8,,16,,1000.0,
100000001,81,05-01-25 01:39,-79.76061,26.45624,,,12.8,,16,,1000.0,
100000001,82,05-01-25 01:41,-79.75966,26.46138,,,12.8,,16,,1000.0,
100000001,83,05-01-25 01:42,-79.75888,26.46551,,,12.8,,16,,1000.0,
100000001,84,05-01-25 01:43,-79.75812,26.46965,,,12.7,,16,,1000.0,
100000001,85,05-01-25 01:45,-79.7569,26.47659,,,12.8,,16,,1000.0,
100000001,86,05-01-25 01:46,-79.75612,26.48086,,,12.8,,16,,1000.0,
100000001,87,05-01-25 01:48,-79.75508,26.4872,,,12.7,,15,,1000.0,
100000001,88,05-01-25 01:49,-79.75438,26.49126,,,12.8,,15,,1000.0,
100000001,89,05-01-25 01:50,-79.75367,26.49535,,,12.7,,15,,1000.0,
100000001,90,05-01-25 01:52,-79.75306,26.49943,,,12.7,,15,,1000.0,
100000001,91,05-01-25 01:53,-79.7524,26.50343,,,12.7,,15,,1000.0,
100000001,92,05-01-25 01:54,-79.7517,26.50749,,,12.7,,15,,1000.0,
100000001,93,05-01-25 01:56,-79.75059,26.51447,,,12.7,,15,,1000.0,
100000001,94,05-01-25 01:57,-79.75003,26.51803,,,12.7,,15,,1000.0,
100000001,95,05-01-25 01:58,-79.74934,26.5221,,,12.7,,15,,1000.0,
100000001,96,05-01-25 01:59,-79.7487,26.52615,,,12.6,,15,,1000.0,
100000001,97,05-01-25 02:00,-79.74851,26.52734,,,12.7,,15,,1000.0,
100000001,98,05-01-25 02:01,-79.74786,26.53149,,,12.7,,15,,1000.0,
100000001,99,05-01-25 02:02,-79.7472,26.53553,,,12.7,,15,,1000.0,
100000001,100,05-01-25 02:03,-79.74656,26.53964,,,12.7,,15,,1000.0,
100000001,101,05-01-25 02:04,-79.74592,26.54367,,,12.7,,15,,1000.0,
100000001,102,05-01-25 02:05,-79.74525,26.54773,,,12.6,,15,,1000.0,
100000001,103,05-01-25 02:07,-79.7445,26.55239,,,12.6,,15,,1000.0,
100000001,104,05-01-25 02:08,-79.74387,26.55643,,,12.6,,15,,1000.0,
100000001,105,05-01-25 02:09,-79.74323,26.5605,,,12.8,,15,,1000.0,
100000001,106,05-01-25 02:10,-79.74264,26.56458,,,12.6,,14,,1000.0,
100000001,107,05-01-25 02:11,-79.74211,26.56871,,,12.8,,14,,1000.0,
100000001,108,05-01-25 02:13,-79.7414,26.57334,,,12.8,,14,,1000.0,
100000001,109,05-01-25 02:14,-79.74076,26.57802,,,12.7,,14,,1000.0,
100000001,110,05-01-25 02:15,-79.74024,26.58208,,,12.7,,14,,1000.0,
100000001,111,05-01-25 02:17,-79.73965,26.58679,,,12.8,,14,,1000.0,
100000001,112,05-01-25 02:18,-79.73906,26.59086,,,12.6,,14,,1000.0,
100000001,113,05-01-25 02:19,-79.73852,26.59496,,,12.7,,14,,1000.0,
100000001,114,05-01-25 02:20,-79.73804,26.59847,,,12.6,,14,,1000.0,
100000001,115,05-01-25 02:21,-79.73747,26.60247,,,12.6,,14,,1000.0,
100000001,116,05-01-25 02:22,-79.73697,26.60661,,,12.8,,14,,1000.0,
100000001,117,05-01-25 02:24,-79.73639,26.6113,,,12.8,,14,,1000.0,
100000001,118,05-01-25 02:25,-79.73591,26.61538,,,12.7,,14,,1000.0,
100000001,119,05-01-25 02:27,-79.73497,26.62246,,,12.7,,14,,1000.0,
100000001,120,05-01-25 02:28,-79.73439,26.62646,,,12.7,,14,,1000.0,
100000001,121,05-01-25 02:29,-79.73378,26.63058,,,12.7,,14,,1000.0,
100000001,122,05-01-25 02:31,-79.73299,26.63649,,,12.8,,14,,1000.0,
100000001,123,05-01-25 02:32,-79.73242,26.64057,,,12.8,,14,,1000.0,
100000001,124,05-01-25 02:33,-79.73177,26.64527,,,12.8,,14,,1000.0,
100000001,125,05-01-25 02:35,-79.7308,26.65234,,,12.7,,14,,1000.0,
100000001,126,05-01-25 02:37,-79.73011,26.65754,,,12.7,,14,,1000.0,
100000001,127,05-01-25 02:38,-79.72959,26.66172,,,12.6,,14,,1000.0,
100000001,128,05-01-25 02:39,-79.72902,26.66574,,,12.6,,14,,1000.0,
100000001,129,05-01-25 02:40,-79.72853,26.66979,,,12.5,,16,,1000.0,
100000001,130,05-01-25 02:42,-79.72781,26.67447,,,12.4,,18,,1000.0,
100000001,131,05-01-25 02:43,-79.7271,26.67841,,,12.4,,18,,1000.0,
100000001,132,05-01-25 02:44,-79.72646,26.68183,,,12.4,,18,,1000.0,
100000001,133,05-01-25 02:45,-79.72536,26.68758,,,12.4,,18,,1000.0,
100000001,134,05-01-25 02:47,-79.72415,26.6938,,,12.5,,18,,1000.0,
100000001,135,05-01-25 02:48,-79.72338,26.69782,,,12.4,,18,,1000.0,
100000001,136,05-01-25 02:50,-79.72263,26.70165,,,12.3,,18,,1000.0,
100000001,137,05-01-25 02:51,-79.72159,26.70736,,,12.3,,18,,1000.0,
100000001,138,05-01-25 02:54,-79.72015,26.7152,,,12.3,,17,,1000.0,
100000001,139,05-01-25 02:55,-79.71918,26.72088,,,12.3,,17,,1000.0,
100000001,140,05-01-25 02:57,-79.71845,26.72533,,,12.2,,17,,1000.0,
100000001,141,05-01-25 02:58,-79.71782,26.72932,,,12.2,,17,,1000.0,
100000001,142,05-01-25 02:59,-79.71717,26.73324,,,12.2,,17,,1000.0,
100000001,143,05-01-25 03:00,-79.7168,26.73552,,,12.2,,17,,1000.0,
100000001,144,05-01-25 03:01,-79.71616,26.73942,,,12.2,,17,,1000.0,
100000001,145,05-01-25 03:02,-79.71553,26.74328,,,12.2,,17,,1000.0,
100000001,146,05-01-25 03:03,-79.71499,26.7467,,,12.3,,17,,1000.0,
100000001,147,05-01-25 03:04,-79.71435,26.75065,,,12.3,,17,,1000.0,
100000001,148,05-01-25 03:05,-79.71371,26.7545,,,12.3,,17,,1000.0,
100000001,149,05-01-25 03:06,-79.71302,26.75843,,,12.2,,17,,1000.0,
100000001,150,05-01-25 03:08,-79.71233,26.76241,,,12.3,,17,,1000.0,
100000001,151,05-01-25 03:09,-79.71178,26.7663,,,12.3,,17,,1000.0,
100000001,152,05-01-25 03:10,-79.71118,26.77021,,,12.2,,17,,1000.0,
100000001,153,05-01-25 03:11,-79.71055,26.77426,,,12.2,,17,,1000.0,
100000001,154,05-01-25 03:12,-79.70995,26.77817,,,12.2,,17,,1000.0,
100000001,155,05-01-25 03:13,-79.70938,26.78201,,,12.2,,17,,1000.0,
100000001,156,05-01-25 03:15,-79.70882,26.78598,,,12.2,,17,,1000.0,
100000001,157,05-01-25 03:16,-79.70837,26.78931,,,12.2,,17,,1000.0,
100000001,158,05-01-25 03:17,-79.70781,26.79324,,,12.1,,17,,1000.0,
100000001,159,05-01-25 03:18,-79.70718,26.79773,,,12.1,,17,,1000.0,
100000001,160,05-01-25 03:19,-79.70661,26.80163,,,12.1,,17,,1000.0,
100000001,161,05-01-25 03:20,-79.70617,26.8054,,,12.0,,17,,1000.0,
100000001,162,05-01-25 03:22,-79.7057,26.80939,,,12.0,,17,,1000.0,
100000001,163,05-01-25 03:23,-79.70525,26.81321,,,12.0,,17,,1000.0,
100000001,164,05-01-25 03:24,-79.70472,26.81765,,,12.0,,17,,1000.0,
100000001,165,05-01-25 03:25,-79.7043,26.82147,,,12.0,,17,,1000.0,
100000001,166,05-01-25 03:27,-79.70377,26.82641,,,12.0,,18,,1000.0,
100000001,167,05-01-25 03:28,-79.70325,26.83044,,,12.0,,19,,1000.0,
100000001,168,05-01-25 03:29,-79.70277,26.83427,,,12.0,,19,,1000.0,
100000001,169,05-01-25 03:30,-79.70225,26.83821,,,12.0,,21,,1000.0,
100000001,170,05-01-25 03:31,-79.70161,26.842,,,11.9,,22,,1000.0,
100000001,171,05-01-25 03:33,-79.70085,26.84583,,,11.9,,22,,1000.0,
100000001,172,05-01-25 03:34,-79.70018,26.84953,,,11.8,,23,,1000.0,
100000001,173,05-01-25 03:35,-79.69942,26.85333,,,11.9,,23,,1000.0,
100000001,174,05-01-25 03:36,-79.69863,26.85713,,,11.9,,23,,1000.0,
100000001,175,05-01-25 03:37,-79.69785,26.86089,,,11.8,,23,,1000.0,
100000001,176,05-01-25 03:38,-79.69707,26.86465,,,11.8,,23,,1000.0,
100000001,177,05-01-25 03:39,-79.69637,26.86804,,,11.8,,23,,1000.0,
100000001,178,05-01-25 03:41,-79.69554,26.87178,,,11.9,,23,,1000.0,
100000001,179,05-01-25 03:42,-79.6946,26.87607,,,11.9,,23,,1000.0,
100000001,180,05-01-25 03:43,-79.69376,26.87996,,,12.0,,22,,1000.0,
100000001,181,05-01-25 03:44,-79.693,26.8837,,,12.0,,21,,1000.0,
100000001,182,05-01-25 03:45,-79.6923,26.88758,,,12.0,,21,,1000.0,
100000001,183,05-01-25 03:47,-79.69158,26.89144,,,12.1,,20,,1000.0,
100000001,184,05-01-25 03:48,-79.69093,26.89536,,,12.0,,18,,1000.0,
100000001,185,05-01-25 03:49,-79.69012,26.90088,,,12.2,,17,,1000.0,
100000001,186,05-01-25 03:50,-79.6897,26.90429,,,12.2,,17,,1000.0,
100000001,187,05-01-25 03:52,-79.689,26.90931,,,12.2,,18,,1000.0,
100000001,188,05-01-25 03:53,-79.68847,26.91319,,,12.2,,18,,1000.0,
100000001,189,05-01-25 03:55,-79.68772,26.91886,,,12.2,,19,,1000.0,
100000001,190,05-01-25 03:56,-79.6872,26.92283,,,12.2,,19,,1000.0,
100000001,191,05-01-25 03:58,-79.68612,26.9291,,,12.2,,20,,1000.0,
100000001,192,05-01-25 03:59,-79.68536,26.93352,,,12.2,,20,,1000.0,
100000001,193,05-01-25 04:00,-79.68503,26.93532,,,12.2,,20,,1000.0,
100000001,194,05-01-25 04:01,-79.68435,26.93912,,,12.2,,20,,1000.0,
100000001,195,05-01-25 04:02,-79.6836,26.94306,,,12.3,,20,,1000.0,
100000001,196,05-01-25 04:03,-79.6829,26.94697,,,12.3,,19,,1000.0,
100000001,197,05-01-25 04:04,-79.68221,26.95098,,,12.3,,19,,1000.0,
100000001,198,05-01-25 04:05,-79.68158,26.95491,,,12.3,,19,,1000.0,
100000001,199,05-01-25 04:07,-79.6809,26.95895,,,12.3,,19,,1000.0,
100000001,200,05-01-25 04:08,-79.6803,26.96283,,,12.3,,19,,1000.0,
100000001,201,05-01-25 04:09,-79.67965,26.96683,,,12.3,,19,,1000.0,
100000001,202,05-01-25 04:10,-79.67906,26.97074,,,12.3,,19,,1000.0,
100000001,203,05-01-25 04:11,-79.67846,26.97459,,,12.3,,19,,1000.0,
100000001,204,05-01-25 04:12,-79.67782,26.97853,,,12.3,,19,,1000.0,
100000001,205,05-01-25 04:14,-79.67716,26.98253,-79.67716,26.98253,12.3,12.3,19,19.0,0.0,
100000001,206,05-01-25 04:15,-79.67662,26.98592,,,12.4,,19,,1000.0,
100000001,207,05-01-25 04:16,-79.67575,26.99103,,,12.4,,19,,1000.0,
100000001,208,05-01-25 04:17,-79.67506,26.99506,,,12.3,,19,,1000.0,
100000001,209,05-01-25 04:19,-79.67433,26.99956,,,12.3,,19,,1000.0,
100000001,210,05-01-25 04:20,-79.67358,27.00413,,,12.3,,19,,1000.0,
100000001,211,05-01-25 04:21,-79.67293,27.00802,,,12.3,,19,,1000.0,
100000001,212,05-01-25 04:22,-79.67232,27.01192,,,12.3,,19,,1000.0,
100000001,213,05-01-25 04:23,-79.67164,27.01596,,,12.3,,19,,1000.0,
100000001,214,05-01-25 04:25,-79.67097,27.01993,,,12.3,,18,,1000.0,
100000001,215,05-01-25 04:26,-79.67033,27.02387,,,12.3,,18,,1000.0,
100000001,216,05-01-25 04:27,-79.66951,27.0289,,,12.3,,18,,1000.0,
100000001,217,05-01-25 04:28,-79.66895,27.03241,,,12.3,,18,,1000.0,
100000001,218,05-01-25 04:29,-79.66835,27.03634,,,12.3,,18,,1000.0,
100000001,219,05-01-25 04:31,-79.66771,27.04022,,,12.3,,18,,1000.0,
100000001,220,05-01-25 04:32,-79.66711,27.04424,,,12.3,,18,,1000.0,
100000001,221,05-01-25 04:33,-79.66649,27.04872,,,12.4,,18,,1000.0,
100000001,222,05-01-25 04:34,-79.6659,27.0528,,,12.3,,18,,1000.0,
100000001,223,05-01-25 04:36,-79.66534,27.05725,,,12.2,,18,,1000.0,
100000001,224,05-01-25 04:37,-79.66446,27.06343,,,12.2,,18,,1000.0,
100000001,225,05-01-25 04:39,-79.66384,27.06794,,,12.1,,18,,1000.0,
100000001,226,05-01-25 04:40,-79.66304,27.07344,,,12.1,,18,,1000.0,
100000001,227,05-01-25 04:42,-79.6623,27.07857,,,12.2,,18,,1000.0,
100000001,228,05-01-25 04:43,-79.66172,27.08237,,,12.2,,18,,1000.0,
100000001,229,05-01-25 04:44,-79.66115,27.08682,,,12.2,,18,,1000.0,
100000001,230,05-01-25 04:45,-79.66056,27.09027,,,12.1,,18,,1000.0,
100000001,231,05-01-25 04:47,-79.66,27.09408,,,12.2,,18,,1000.0,
100000001,232,05-01-25 04:48,-79.65934,27.09796,,,12.2,,18,,1000.0,
100000001,233,05-01-25 04:49,-79.65857,27.10257,,,12.3,,18,,1000.0,
100000001,234,05-01-25 04:51,-79.6578,27.10762,,,12.3,,18,,1000.0,
100000001,235,05-01-25 04:52,-79.65726,27.11113,,,12.3,,18,,1000.0,
100000001,236,05-01-25 04:53,-79.65668,27.11502,,,12.4,,18,,1000.0,
100000001,237,05-01-25 04:54,-79.65583,27.12094,,,12.4,,18,,1000.0,
100000001,238,05-01-25 04:56,-79.65496,27.12657,,,12.4,,18,,1000.0,
100000001,239,05-01-25 04:57,-79.65423,27.13105,,,12.3,,18,,1000.0,
100000001,240,05-01-25 04:59,-79.65347,27.13616,,,12.4,,18,,1000.0,
100000001,241,05-01-25 05:00,-79.6531,27.13863,,,12.4,,19,,1000.0,
100000001,242,05-01-25 05:01,-79.65245,27.14256,,,12.4,,19,,1000.0,
100000001,243,05-01-25 05:02,-79.65168,27.14704,,,12.4,,19,,1000.0,
100000001,244,05-01-25 05:03,-79.65096,27.15103,,,12.5,,19,,1000.0,
100000001,245,05-01-25 05:05,-79.65018,27.15552,,,12.5,,19,,1000.0,
100000001,246,05-01-25 05:06,-79.64938,27.15963,,,12.5,,19,,1000.0,
100000001,247,05-01-25 05:07,-79.6487,27.16362,,,12.6,,19,,1000.0,
100000001,248,05-01-25 05:08,-79.64778,27.16882,,,12.6,,19,,1000.0,
100000001,249,05-01-25 05:10,-79.64711,27.17282,,,12.5,,19,,1000.0,
100000001,250,05-01-25 05:11,-79.64645,27.17693,,,12.6,,19,,1000.0,
100000001,251,05-01-25 05:12,-79.64561,27.18209,,,12.6,,19,,1000.0,
100000001,252,05-01-25 05:13,-79.6449,27.18618,,,12.6,,19,,1000.0,
100000001,253,05-01-25 05:15,-79.64419,27.1902,,,12.6,,19,,1000.0,
100000001,254,05-01-25 05:16,-79.64351,27.19427,,,12.6,,19,,1000.0,
100000001,255,05-01-25 05:17,-79.64277,27.19837,,,12.6,,19,,1000.0,
100000001,256,05-01-25 05:18,-79.64199,27.20287,,,12.6,,19,,1000.0,
100000001,257,05-01-25 05:19,-79.64127,27.20698,,,12.6,,19,,1000.0,
100000001,258,05-01-25 05:21,-79.6405,27.21168,,,12.7,,19,,1000.0,
100000001,259,05-01-25 05:22,-79.63977,27.21568,,,12.7,,19,,1000.0,
100000001,260,05-01-25 05:23,-79.63908,27.2197,,,12.6,,19,,1000.0,
100000001,261,05-01-25 05:24,-79.63839,27.22385,,,12.6,,19,,1000.0,
100000001,262,05-01-25 05:25,-79.63774,27.22777,,,12.6,,19,,1000.0,
100000001,263,05-01-25 05:27,-79.63703,27.23194,,,12.6,,19,,1000.0,
100000001,264,05-01-25 05:28,-79.63636,27.23594,,,12.6,,19,,1000.0,
100000001,265,05-01-25 05:29,-79.63563,27.23997,,,12.5,,19,,1000.0,
100000001,266,05-01-25 05:30,-79.63492,27.24394,,,12.6,,19,,1000.0,
100000001,267,05-01-25 05:31,-79.6342,27.248,,,12.6,,19,,1000.0,
100000001,268,05-01-25 05:32,-79.63341,27.25205,,,12.6,,19,,1000.0,
100000001,269,05-01-25 05:34,-79.63268,27.25605,,,12.6,,19,,1000.0,
100000001,270,05-01-25 05:35,-79.63179,27.26083,,,12.7,,19,,1000.0,
100000001,271,05-01-25 05:36,-79.63107,27.26481,,,12.6,,19,,1000.0,
100000001,272,05-01-25 05:37,-79.6303,27.26883,,,12.6,,19,,1000.0,
100000001,273,05-01-25 05:38,-79.62954,27.27289,,,12.7,,19,,1000.0,
100000001,274,05-01-25 05:40,-79.62871,27.27756,,,12.6,,19,,1000.0,
100000001,275,05-01-25 05:41,-79.62799,27.28155,,,12.6,,19,,1000.0,
100000001,276,05-01-25 05:42,-79.62707,27.28626,,,12.6,,19,,1000.0,
100000001,277,05-01-25 05:43,-79.62635,27.29038,,,12.6,,19,,1000.0,
100000001,278,05-01-25 05:45,-79.62552,27.29501,,,12.6,,19,,1000.0,
100000001,279,05-01-25 05:46,-79.62454,27.30018,,,12.6,,19,,1000.0,
100000001,280,05-01-25 05:47,-79.62375,27.30416,,,12.7,,19,,1000.0,
100000001,281,05-01-25 05:48,-79.6231,27.30782,,,12.6,,19,,1000.0,
100000001,282,05-01-25 05:50,-79.62228,27.31248,,,12.7,,18,,1000.0,
100000001,283,05-01-25 05:51,-79.62144,27.31774,,,12.7,,17,,1000.0,
100000001,284,05-01-25 05:52,-79.62078,27.32186,,,12.7,,17,,1000.0,
100000001,285,05-01-25 05:54,-79.62015,27.32592,,,12.7,,17,,1000.0,
100000001,286,05-01-25 05:55,-79.61952,27.32997,,,12.7,,17,,1000.0,
100000001,287,05-01-25 05:56,-79.61874,27.33517,,,12.6,,16,,1000.0,
100000001,288,05-01-25 05:58,-79.61805,27.33977,,,12.7,,16,,1000.0,
100000001,289,05-01-25 05:59,-79.61708,27.34618,,,12.7,,16,,1000.0,
100000001,290,05-01-25 06:00,-79.61699,27.34677,,,12.7,,16,,1000.0,
100000001,291,05-01-25 06:01,-79.61649,27.35043,,,12.7,,16,,1000.0,
100000001,292,05-01-25 06:02,-79.61596,27.35455,,,12.7,,16,,1000.0,
100000001,293,05-01-25 06:03,-79.61537,27.35844,,,12.7,,16,,1000.0,
100000001,294,05-01-25 06:04,-79.6148,27.36256,,,12.6,,16,,1000.0,
100000001,295,05-01-25 06:05,-79.61429,27.36611,,,12.7,,16,,1000.0,
100000001,296,05-01-25 06:06,-79.61377,27.3702,,,12.6,,16,,1000.0,
100000001,297,05-01-25 06:07,-79.61315,27.37435,,,12.7,,16,,1000.0,
100000001,298,05-01-25 06:09,-79.61253,27.37839,,,12.6,,16,,1000.0,
100000001,299,05-01-25 06:10,-79.61188,27.38308,,,12.6,,16,,1000.0,
100000001,300,05-01-25 06:11,-79.6113,27.3871,,,12.6,,16,,1000.0,
100000001,301,05-01-25 06:12,-79.6107,27.3912,,,12.7,,16,,1000.0,
100000001,302,05-01-25 06:14,-79.61005,27.39594,,,12.6,,16,,1000.0,
100000001,303,05-01-25 06:15,-79.60951,27.4005,,,12.5,,16,,1000.0,
100000001,304,05-01-25 06:16,-79.60908,27.40439,,,12.5,,16,,1000.0,
100000001,305,05-01-25 06:17,-79.60858,27.40811,,,12.4,,16,,1000.0,
100000001,306,05-01-25 06:18,-79.60814,27.412,,,12.4,,16,,1000.0,
100000001,307,05-01-25 06:20,-79.60755,27.41658,,,12.4,,16,,1000.0,
100000001,308,05-01-25 06:21,-79.60703,27.42071,,,12.5,,16,,1000.0,
100000001,309,05-01-25 06:22,-79.60657,27.42458,,,12.5,,16,,1000.0,
100000001,310,05-01-25 06:23,-79.606,27.42929,,,12.4,,16,,1000.0,
100000001,311,05-01-25 06:24,-79.60552,27.43334,,,12.5,,16,,1000.0,
100000001,312,05-01-25 06:26,-79.60506,27.43734,,,12.4,,16,,1000.0,
100000001,313,05-01-25 06:27,-79.60447,27.44202,,,12.4,,16,,1000.0,
100000001,314,05-01-25 06:28,-79.60402,27.44598,,,12.3,,16,,1000.0,
100000001,315,05-01-25 06:29,-79.60359,27.44992,,,12.5,,17,,1000.0,
100000001,316,05-01-25 06:31,-79.60287,27.45523,,,12.5,,18,,1000.0,
100000001,317,05-01-25 06:32,-79.60227,27.45939,,,12.4,,18,,1000.0,
100000001,318,05-01-25 06:33,-79.60159,27.46331,,,12.5,,18,,1000.0,
100000001,319,05-01-25 06:34,-79.60094,27.46731,,,12.5,,18,,1000.0,
100000001,320,05-01-25 06:35,-79.60032,27.47125,,,12.4,,18,,1000.0,
100000001,321,05-01-25 06:37,-79.59935,27.47714,,,12.4,,18,,1000.0,
100000001,322,05-01-25 06:38,-79.59876,27.48103,,,12.4,,18,,1000.0,
100000001,323,05-01-25 06:40,-79.59802,27.48571,,,12.4,,18,,1000.0,
100000001,324,05-01-25 06:41,-79.59736,27.48976,,,12.4,,18,,1000.0,
100000001,325,05-01-25 06:42,-79.59673,27.49369,,,12.4,,18,,1000.0,
100000001,326,05-01-25 06:43,-79.59603,27.49833,,,12.3,,18,,1000.0,
100000001,327,05-01-25 06:45,-79.59528,27.50324,,,12.4,,18,,1000.0,
100000001,328,05-01-25 06:46,-79.59462,27.50733,,,12.3,,18,,1000.0,
100000001,329,05-01-25 06:48,-79.59364,27.51351,,,12.4,,18,,1000.0,
100000001,330,05-01-25 06:49,-79.59293,27.51769,,,12.4,,18,,1000.0,
100000001,331,05-01-25 06:50,-79.59225,27.52225,,,12.3,,18,,1000.0,
100000001,332,05-01-25 06:51,-79.59153,27.52624,,,12.3,,18,,1000.0,
100000001,333,05-01-25 06:53,-79.59083,27.5302,,,12.4,,18,,1000.0,
100000001,334,05-01-25 06:54,-79.59021,27.53415,,,12.4,,18,,1000.0,
100000001,335,05-01-25 06:56,-79.58924,27.54038,,,12.5,,18,,1000.0,
100000001,336,05-01-25 06:57,-79.58849,27.545,,,12.5,,18,,1000.0,
100000001,337,05-01-25 06:58,-79.58765,27.55024,,,12.6,,18,,1000.0,
100000001,338,05-01-25 07:00,-79.58698,27.5543,,,12.5,,18,,1000.0,
100000001,339,05-01-25 07:01,-79.58613,27.55941,,,12.5,,18,,1000.0,
100000001,340,05-01-25 07:02,-79.58546,27.56348,,,12.4,,18,,1000.0,
100000001,341,05-01-25 07:03,-79.58476,27.56753,,,12.4,,18,,1000.0,
100000001,342,05-01-25 07:05,-79.58412,27.57148,,,12.5,,18,,1000.0,
100000001,343,05-01-25 07:06,-79.58347,27.57548,,,12.4,,18,,1000.0,
100000001,344,05-01-25 07:07,-79.58282,27.57943,,,12.4,,18,,1000.0,
100000001,345,05-01-25 07:08,-79.58208,27.58413,,,12.5,,18,,1000.0,
100000001,346,05-01-25 07:09,-79.58151,27.58819,,,12.4,,17,,1000.0,
100000001,347,05-01-25 07:11,-79.58089,27.5927,,,12.4,,18,,1000.0,
100000001,348,05-01-25 07:12,-79.58031,27.59662,,,12.2,,18,,1000.0,
100000001,349,05-01-25 07:13,-79.57976,27.60048,,,12.2,,18,,1000.0,
100000001,350,05-01-25 07:14,-79.57919,27.60459,,,12.2,,18,,1000.0,
100000001,351,05-01-25 07:16,-79.57855,27.60907,,,12.1,,18,,1000.0,
100000001,352,05-01-25 07:17,-79.57775,27.61468,,,12.2,,18,,1000.0,
100000001,353,05-01-25 07:19,-79.57712,27.61924,,,12.2,,18,,1000.0,
100000001,354,05-01-25 07:20,-79.57646,27.62376,,,12.2,,18,,1000.0,
100000001,355,05-01-25 07:21,-79.57587,27.62769,,,12.2,,18,,1000.0,
100000001,356,05-01-25 07:23,-79.57517,27.6327,,,12.2,,18,,1000.0,
100000001,357,05-01-25 07:24,-79.57452,27.63667,,,12.2,,18,,1000.0,
100000001,358,05-01-25 07:26,-79.57356,27.64281,,,12.2,,18,,1000.0,
100000001,359,05-01-25 07:27,-79.57291,27.64745,,,12.2,,18,,1000.0,
100000001,360,05-01-25 07:28,-79.57211,27.65255,,,12.2,,18,,1000.0,
100000001,361,05-01-25 07:30,-79.57144,27.65699,,,12.3,,18,,1000.0,
100000001,362,05-01-25 07:31,-79.57058,27.66281,,,12.3,,18,,1000.0,
100000001,363,05-01-25 07:33,-79.56997,27.66673,,,12.2,,18,,1000.0,
100000001,364,05-01-25 07:34,-79.56933,27.67122,,,12.3,,18,,1000.0,
100000001,365,05-01-25 07:35,-79.56871,27.67519,,,12.2,,18,,1000.0,
100000001,366,05-01-25 07:37,-79.56776,27.68131,,,12.3,,18,,1000.0,
100000001,367,05-01-25 07:39,-79.5667,27.68763,,,12.2,,18,,1000.0,
100000001,368,05-01-25 07:40,-79.56592,27.69207,,,12.1,,18,,1000.0,
100000001,369,05-01-25 07:41,-79.56521,27.69607,,,12.2,,18,,1000.0,
100000001,370,05-01-25 07:43,-79.564,27.7034,,,12.2,,18,,1000.0,
100000001,371,05-01-25 07:45,-79.56341,27.7073,,,12.3,,18,,1000.0,
100000001,372,05-01-25 07:46,-79.56281,27.71125,,,12.3,,18,,1000.0,
100000001,373,05-01-25 07:47,-79.56212,27.71583,,,12.3,,18,,1000.0,
100000001,374,05-01-25 07:48,-79.56147,27.71984,,,12.2,,19,,1000.0,
100000001,375,05-01-25 07:51,-79.56017,27.72771,,,12.4,,18,,1000.0,
100000001,376,05-01-25 07:52,-79.55932,27.73283,,,12.4,,18,,1000.0,
100000001,377,05-01-25 07:53,-79.55855,27.73748,,,12.3,,18,,1000.0,
100000001,378,05-01-25 07:55,-79.55783,27.74143,,,12.3,,19,,1000.0,
100000001,379,05-01-25 07:56,-79.55691,27.74649,,,12.4,,18,,1000.0,
100000001,380,05-01-25 07:58,-79.55576,27.75407,,,12.2,,18,,1000.0,
100000001,381,05-01-25 07:59,-79.55513,27.75793,,,12.3,,18,,1000.0,
100000001,382,05-01-25 08:01,-79.55443,27.76203,,,12.3,,18,,1000.0,
100000001,383,05-01-25 08:02,-79.55378,27.76595,,,12.3,,18,,1000.0,
100000001,384,05-01-25 08:03,-79.553,27.77048,,,12.2,,18,,1000.0,
100000001,385,05-01-25 08:04,-79.55219,27.77506,,,12.3,,18,,1000.0,
100000001,386,05-01-25 08:06,-79.55152,27.7791,,,12.4,,18,,1000.0,
100000001,387,05-01-25 08:07,-79.55088,27.78309,,,12.4,,18,,1000.0,
100000001,388,05-01-25 08:08,-79.55008,27.78763,,,12.5,,18,,1000.0,
100000001,389,05-01-25 08:10,-79.54917,27.79279,,,12.4,,18,,1000.0,
100000001,390,05-01-25 08:11,-79.54843,27.79681,,,12.4,,18,,1000.0,
100000001,391,05-01-25 08:12,-79.54751,27.80183,,,12.4,,18,,1000.0,
100000001,392,05-01-25 08:14,-79.54666,27.80652,,,12.4,,18,,1000.0,
100000001,393,05-01-25 08:15,-79.54586,27.81104,,,12.4,,18,,1000.0,
100000001,394,05-01-25 08:16,-79.54505,27.81559,,,12.3,,18,,1000.0,
100000001,395,05-01-25 08:17,-79.54429,27.81971,,,12.4,,18,,1000.0,
100000001,396,05-01-25 08:19,-79.54354,27.82376,,,12.4,,18,,1000.0,
100000001,397,05-01-25 08:20,-79.54236,27.82998,,,12.4,,18,,1000.0,
100000001,398,05-01-25 08:22,-79.54158,27.83398,,,12.4,,18,,1000.0,
100000001,399,05-01-25 08:23,-79.54054,27.83962,,,12.5,,18,,1000.0,
100000001,400,05-01-25 08:24,-79.53974,27.84372,,,12.5,,18,,1000.0,
100000001,401,05-01-25 08:28,-79.53755,27.85507,,,12.4,,16,,1000.0,
100000001,402,05-01-25 08:29,-79.53691,27.85916,,,12.5,,16,,1000.0,
100000001,403,05-01-25 08:30,-79.53614,27.86434,,,12.4,,16,,1000.0,
100000001,404,05-01-25 08:32,-79.53529,27.87007,,,12.5,,16,,1000.0,
100000001,405,05-01-25 08:33,-79.5346,27.87471,,,12.5,,16,,1000.0,
100000001,406,05-01-25 08:35,-79.53379,27.88048,,,12.5,,16,,1000.0,
100000001,407,05-01-25 08:36,-79.53313,27.88519,,,12.4,,16,,1000.0,
100000001,408,05-01-25 08:38,-79.5325,27.88984,,,12.5,,16,,1000.0,
100000001,409,05-01-25 08:39,-79.53181,27.8944,,,12.4,,16,,1000.0,
100000001,410,05-01-25 08:40,-79.53121,27.8984,,,12.6,,16,,1000.0,
100000001,411,05-01-25 08:42,-79.53022,27.90538,,,12.5,,19,,1000.0,
100000001,412,05-01-25 08:43,-79.52953,27.90938,,,12.4,,21,,1000.0,
100000001,413,05-01-25 08:45,-79.52839,27.91447,-79.52839,27.91447,12.1,12.1,26,26.0,0.0,
100000001,414,05-01-25 08:46,-79.52732,27.91833,,,12.1,,29,,1000.0,
100000001,415,05-01-25 08:47,-79.52603,27.92206,,,12.0,,32,,1000.0,
100000001,416,05-01-25 08:48,-79.52457,27.92574,,,12.0,,33,,1000.0,
100000001,417,05-01-25 08:50,-79.52303,27.92938,,,11.9,,36,,1000.0,
100000001,418,05-01-25 08:52,-79.52002,27.93541,,,11.8,,39,,1000.0,
100000001,419,05-01-25 08:53,-79.51751,27.93999,,,11.7,,40,,1000.0,
100000001,420,05-01-25 08:55,-79.51381,27.94619,,,11.7,,43,,1000.0,
100000001,421,05-01-25 08:57,-79.51107,27.95044,,,11.6,,43,,1000.0,
100000001,422,05-01-25 08:58,-79.50864,27.95418,,,11.6,,43,,1000.0,
100000001,423,05-01-25 08:59,-79.50657,27.95746,,,11.5,,43,,1000.0,
100000001,424,05-01-25 09:00,-79.50596,27.9584,,,11.5,,43,,1000.0,
100000001,425,05-01-25 09:01,-79.50386,27.96157,,,11.5,,43,,1000.0,
100000001,426,05-01-25 09:03,-79.49984,27.96771,,,11.5,,43,,1000.0,
100000001,427,05-01-25 09:04,-79.49781,27.97086,,,11.4,,43,,1000.0,
100000001,428,05-01-25 09:05,-79.49569,27.97417,,,11.4,,43,,1000.0,
100000001,429,05-01-25 09:06,-79.4936,27.97739,,,11.3,,43,,1000.0,
100000001,430,05-01-25 09:08,-79.49159,27.98049,,,11.3,,43,,1000.0,
100000001,431,05-01-25 09:09,-79.48955,27.98373,,,11.3,,43,,1000.0,
100000001,432,05-01-25 09:10,-79.48753,27.98696,,,11.3,,43,,1000.0,
100000001,433,05-01-25 09:12,-79.48314,27.99381,,,11.2,,43,,1000.0,
100000001,434,05-01-25 09:14,-79.48111,27.99701,,,11.2,,43,,1000.0,
100000001,435,05-01-25 09:15,-79.47907,28.00024,,,11.2,,43,,1000.0,
100000001,436,05-01-25 09:16,-79.47705,28.00336,,,11.3,,43,,1000.0,
100000001,437,05-01-25 09:17,-79.4749,28.00662,,,11.2,,43,,1000.0,
100000001,438,05-01-25 09:18,-79.47286,28.00977,,,11.2,,43,,1000.0,
100000001,439,05-01-25 09:19,-79.47086,28.01292,,,11.2,,43,,1000.0,
100000001,440,05-01-25 09:21,-79.46876,28.01619,,,11.2,,43,,1000.0,
100000001,441,05-01-25 09:22,-79.46618,28.02026,,,11.1,,43,,1000.0,
100000001,442,05-01-25 09:23,-79.46419,28.02339,,,11.1,,43,,1000.0,
100000001,443,05-01-25 09:24,-79.46222,28.02653,,,11.1,,43,,1000.0,
100000001,444,05-01-25 09:25,-79.46042,28.02935,,,11.1,,43,,1000.0,
100000001,445,05-01-25 09:27,-79.45841,28.03245,,,11.1,,42,,1000.0,
100000001,446,05-01-25 09:28,-79.45666,28.0351,,,11.1,,41,,1000.0,
100000001,447,05-01-25 09:29,-79.45441,28.03875,,,11.1,,41,,1000.0,
100000001,448,05-01-25 09:30,-79.45248,28.04199,,,11.1,,41,,1000.0,
100000001,449,05-01-25 09:31,-79.45063,28.0452,,,11.0,,41,,1000.0,
100000001,450,05-01-25 09:32,-79.44866,28.04844,,,11.0,,41,,1000.0,
100000001,451,05-01-25 09:34,-79.44671,28.0516,,,11.1,,41,,1000.0,
100000001,452,05-01-25 09:35,-79.4448,28.05478,,,11.1,,41,,1000.0,
100000001,453,05-01-25 09:36,-79.44283,28.05793,,,11.1,,41,,1000.0,
100000001,454,05-01-25 09:37,-79.44084,28.06117,,,11.1,,41,,1000.0,
100000001,455,05-01-25 09:38,-79.43888,28.06434,,,11.1,,41,,1000.0,
100000001,456,05-01-25 09:39,-79.43696,28.06744,,,11.0,,41,,1000.0,
100000001,457,05-01-25 09:41,-79.43479,28.07101,,,11.0,,41,,1000.0,
100000001,458,05-01-25 09:42,-79.43251,28.07468,,,11.0,,41,,1000.0,
100000001,459,05-01-25 09:43,-79.43054,28.07779,,,10.9,,41,,1000.0,
100000001,460,05-01-25 09:44,-79.4286,28.08092,,,11.0,,40,,1000.0,
100000001,461,05-01-25 09:46,-79.42673,28.08405,,,10.9,,40,,1000.0,
100000001,462,05-01-25 09:47,-79.42488,28.08722,,,10.9,,40,,1000.0,
100000001,463,05-01-25 09:48,-79.42303,28.09032,,,11.0,,40,,1000.0,
100000001,464,05-01-25 09:49,-79.42118,28.09353,,,11.0,,40,,1000.0,
100000001,465,05-01-25 09:50,-79.41918,28.09671,,,11.0,,40,,1000.0,
100000001,466,05-01-25 09:52,-79.4167,28.10088,,,11.0,,40,,1000.0,
100000001,467,05-01-25 09:53,-79.4145,28.10448,,,11.1,,40,,1000.0,
100000001,468,05-01-25 09:54,-79.41229,28.10807,,,11.0,,40,,1000.0,
100000001,469,05-01-25 09:56,-79.41038,28.11119,,,10.9,,40,,1000.0,
100000001,470,05-01-25 09:57,-79.40812,28.11487,,,11.0,,40,,1000.0,
100000001,471,05-01-25 09:58,-79.40622,28.11792,,,11.0,,40,,1000.0,
100000001,472,05-01-25 09:59,-79.40458,28.12061,,,10.9,,40,,1000.0,
100000001,473,05-01-25 10:00,-79.40373,28.12202,,,11.0,,40,,1000.0,
100000001,474,05-01-25 10:01,-79.40179,28.12517,,,10.9,,40,,1000.0,
100000001,475,05-01-25 10:02,-79.39982,28.12815,,,10.9,,40,,1000.0,
100000001,476,05-01-25 10:03,-79.39789,28.1314,,,10.9,,40,,1000.0,
100000001,477,05-01-25 10:04,-79.39591,28.13456,,,10.9,,39,,1000.0,
100000001,478,05-01-25 10:05,-79.394,28.13764,,,10.9,,37,,1000.0,
100000001,479,05-01-25 10:07,-79.39172,28.14172,,,11.0,,34,,1000.0,
100000001,480,05-01-25 10:08,-79.39007,28.145,,,11.0,,33,,1000.0,
100000001,481,05-01-25 10:09,-79.3884,28.14839,,,11.0,,34,,1000.0,
100000001,482,05-01-25 10:10,-79.38681,28.15158,,,11.0,,34,,1000.0,
100000001,483,05-01-25 10:12,-79.38496,28.15541,,,11.0,,34,,1000.0,
100000001,484,05-01-25 10:13,-79.38329,28.15874,,,11.0,,36,,1000.0,
100000001,485,05-01-25 10:14,-79.38183,28.16151,,,11.0,,37,,1000.0,
100000001,486,05-01-25 10:15,-79.38006,28.1647,,,10.9,,37,,1000.0,
100000001,487,05-01-25 10:16,-79.37822,28.1679,,,10.9,,37,,1000.0,
100000001,488,05-01-25 10:18,-79.37613,28.1716,,,10.9,,37,,1000.0,
100000001,489,05-01-25 10:19,-79.37428,28.17483,,,10.9,,37,,1000.0,
100000001,490,05-01-25 10:20,-79.3725,28.17799,,,10.9,,37,,1000.0,
100000001,491,05-01-25 10:21,-79.37075,28.18118,,,10.8,,37,,1000.0,
100000001,492,05-01-25 10:22,-79.36923,28.1839,,,10.9,,38,,1000.0,
100000001,493,05-01-25 10:23,-79.36742,28.18712,,,10.9,,38,,1000.0,
100000001,494,05-01-25 10:24,-79.36559,28.1903,,,10.9,,38,,1000.0,
100000001,495,05-01-25 10:26,-79.36372,28.19345,,,10.8,,38,,1000.0,
100000001,496,05-01-25 10:27,-79.36187,28.19652,,,10.9,,38,,1000.0,
100000001,497,05-01-25 10:28,-79.36025,28.19926,,,10.9,,38,,1000.0,
100000001,498,05-01-25 10:29,-79.35841,28.20242,,,10.8,,38,,1000.0,
100000001,499,05-01-25 10:30,-79.35655,28.20558,,,10.8,,38,,1000.0,
100000001,500,05-01-25 10:31,-79.35449,28.20917,,,10.8,,38,,1000.0,
100000001,501,05-01-25 10:33,-79.35264,28.21239,,,10.8,,39,,1000.0,
100000001,502,05-01-25 10:34,-79.35078,28.21554,,,10.8,,39,,1000.0,
100000001,503,05-01-25 10:35,-79.34893,28.21867,,,10.8,,39,,1000.0,
100000001,504,05-01-25 10:36,-79.347,28.22176,,,10.8,,39,,1000.0,
100000001,505,05-01-25 10:37,-79.34521,28.22484,,,10.8,,39,,1000.0,
100000001,506,05-01-25 10:38,-79.34327,28.22802,,,10.9,,39,,1000.0,
100000001,507,05-01-25 10:40,-79.34137,28.23121,,,10.8,,39,,1000.0,
100000001,508,05-01-25 10:41,-79.33958,28.23428,,,10.8,,39,,1000.0,
100000001,509,05-01-25 10:42,-79.33793,28.237,,,10.7,,39,,1000.0,
100000001,510,05-01-25 10:43,-79.33614,28.24012,,,10.7,,39,,1000.0,
100000001,511,05-01-25 10:44,-79.33412,28.24362,,,10.7,,39,,1000.0,
100000001,512,05-01-25 10:45,-79.33227,28.24675,,,10.6,,39,,1000.0,
100000001,513,05-01-25 10:47,-79.33047,28.24979,,,10.7,,39,,1000.0,
100000001,514,05-01-25 10:48,-79.32858,28.25292,,,10.7,,39,,1000.0,
100000001,515,05-01-25 10:49,-79.32676,28.25597,,,10.7,,39,,1000.0,
100000001,516,05-01-25 10:50,-79.32465,28.25952,,,10.6,,39,,1000.0,
100000001,517,05-01-25 10:51,-79.32304,28.2622,,,10.7,,39,,1000.0,
100000001,518,05-01-25 10:53,-79.32071,28.26608,,,10.7,,39,,1000.0,
100000001,519,05-01-25 10:54,-79.31881,28.26925,,,10.6,,39,,1000.0,
100000001,520,05-01-25 10:55,-79.31694,28.27228,,,10.7,,37,,1000.0,
100000001,521,05-01-25 10:56,-79.31509,28.27542,,,10.7,,25,,1000.0,
100000001,522,05-01-25 10:57,-79.31388,28.27862,,,10.5,,7,,1000.0,
100000001,523,05-01-25 10:59,-79.31363,28.28202,-79.31363,28.28202,10.2,10.2,351,351.0,0.0,
100000001,524,05-01-25 11:00,-79.3142,28.28484,,,10.2,,348,,1000.0,
100000001,525,05-01-25 11:02,-79.31596,28.29051,,,10.8,,349,,1000.0,
100000001,526,05-01-25 11:03,-79.317,28.29383,,,10.9,,353,,1000.0,
100000001,527,05-01-25 11:04,-79.31797,28.29746,,,11.1,,359,,1000.0,
100000001,528,05-01-25 11:05,-79.3185,28.30103,,,11.0,,3,,1000.0,
100000001,529,05-01-25 11:06,-79.31875,28.30457,,,11.1,,4,,1000.0,
100000001,530,05-01-25 11:09,-79.319,28.31195,,,11.3,,4,,1000.0,
100000001,531,05-01-25 11:11,-79.31934,28.32029,,,11.4,,358,,1000.0,
100000001,532,05-01-25 11:13,-79.32005,28.32565,,,11.4,,354,,1000.0,
100000001,533,05-01-25 11:14,-79.32077,28.32984,,,11.5,,354,,1000.0,
100000001,534,05-01-25 11:16,-79.32147,28.33414,,,11.5,,354,,1000.0,
100000001,535,05-01-25 11:17,-79.32238,28.33952,,,11.6,,355,,1000.0,
100000001,536,05-01-25 11:18,-79.32298,28.34322,,,11.5,,355,,1000.0,
100000001,537,05-01-25 11:22,-79.3249,28.35608,,,11.6,,356,,1000.0,
100000001,538,05-01-25 11:24,-79.32542,28.35976,,,11.6,,356,,1000.0,
100000001,539,05-01-25 11:25,-79.32599,28.36355,,,11.5,,356,,1000.0,
100000001,540,05-01-25 11:26,-79.32649,28.36727,,,11.5,,357,,1000.0,
100000001,541,05-01-25 11:27,-79.32694,28.37093,,,11.5,,357,,1000.0,
100000001,542,05-01-25 11:31,-79.32838,28.38315,,,11.4,,357,,1000.0,
100000001,543,05-01-25 11:32,-79.32884,28.38753,,,11.5,,358,,1000.0,
100000001,544,05-01-25 11:33,-79.32931,28.39121,,,11.4,,357,,1000.0,
100000001,545,05-01-25 11:35,-79.32979,28.3954,,,11.4,,357,,1000.0,
100000001,546,05-01-25 11:36,-79.33026,28.3991,,,11.3,,357,,1000.0,
100000001,547,05-01-25 11:37,-79.3308,28.40384,,,11.4,,357,,1000.0,
100000001,548,05-01-25 11:39,-79.33122,28.40758,,,11.4,,357,,1000.0,
100000001,549,05-01-25 11:40,-79.33163,28.41121,,,11.4,,357,,1000.0,
100000001,550,05-01-25 11:41,-79.33206,28.41539,,,11.5,,357,,1000.0,
100000001,551,05-01-25 11:43,-79.33289,28.42289,,,11.4,,357,,1000.0,
100000001,552,05-01-25 11:45,-79.33332,28.42658,,,11.4,,357,,1000.0,
100000001,553,05-01-25 11:46,-79.33373,28.43026,,,11.3,,357,,1000.0,
100000001,554,05-01-25 11:47,-79.33416,28.43396,,,11.4,,356,,1000.0,
100000001,555,05-01-25 11:49,-79.3351,28.44136,,,11.4,,355,,1000.0,
100000001,556,05-01-25 11:51,-79.336,28.44817,,,11.4,,355,,1000.0,
100000001,557,05-01-25 11:53,-79.33649,28.45187,,,11.4,,355,,1000.0,
100000001,558,05-01-25 11:54,-79.33691,28.45557,,,11.3,,355,,1000.0,
100000001,559,05-01-25 11:55,-79.33747,28.4598,,,11.4,,355,,1000.0,
100000001,560,05-01-25 11:57,-79.33824,28.46613,,,11.3,,355,,1000.0,
100000001,561,05-01-25 11:58,-79.33868,28.46984,,,11.4,,355,,1000.0,
100000001,562,05-01-25 11:59,-79.33915,28.47365,,,11.3,,355,,1000.0,
100000001,563,05-01-25 12:00,-79.3392,28.47407,,,11.4,,355,,1000.0,
100000001,564,05-01-25 12:01,-79.33965,28.47787,,,11.4,,355,,1000.0,
100000001,565,05-01-25 12:02,-79.34006,28.48153,,,11.4,,355,,1000.0,
100000001,566,05-01-25 12:03,-79.34049,28.48529,,,11.4,,355,,1000.0,
100000001,567,05-01-25 12:04,-79.34086,28.48904,,,11.5,,355,,1000.0,
100000001,568,05-01-25 12:05,-79.34127,28.49269,,,11.4,,354,,1000.0,
100000001,569,05-01-25 12:09,-79.34285,28.50533,,,11.4,,354,,1000.0,
100000001,570,05-01-25 12:11,-79.34329,28.50899,,,11.4,,354,,1000.0,
100000001,571,05-01-25 12:12,-79.34382,28.51272,,,11.3,,354,,1000.0,
100000001,572,05-01-25 12:13,-79.3443,28.51638,,,11.3,,354,,1000.0,
100000001,573,05-01-25 12:14,-79.34483,28.52051,,,11.3,,354,,1000.0,
100000001,574,05-01-25 12:15,-79.3453,28.5242,,,11.3,,354,,1000.0,
100000001,575,05-01-25 12:17,-79.34576,28.52786,,,11.3,,354,,1000.0,
100000001,576,05-01-25 12:18,-79.34624,28.53146,,,11.2,,354,,1000.0,
100000001,577,05-01-25 12:19,-79.34673,28.53514,,,11.3,,354,,1000.0,
100000001,578,05-01-25 12:20,-79.34725,28.53935,,,11.3,,354,,1000.0,
100000001,579,05-01-25 12:22,-79.34785,28.54359,,,11.3,,354,,1000.0,
100000001,580,05-01-25 12:23,-79.34833,28.5471,,,11.2,,354,,1000.0,
100000001,581,05-01-25 12:24,-79.34883,28.55089,,,11.3,,354,,1000.0,
100000001,582,05-01-25 12:25,-79.34928,28.55402,,,11.3,,354,,1000.0,
100000001,583,05-01-25 12:26,-79.34975,28.5576,,,11.2,,354,,1000.0,
100000001,584,05-01-25 12:27,-79.3503,28.5618,,,11.2,,355,,1000.0,
100000001,585,05-01-25 12:29,-79.35076,28.56545,,,11.3,,355,,1000.0,
100000001,586,05-01-25 12:30,-79.35126,28.56912,,,11.3,,355,,1000.0,
100000001,587,05-01-25 12:31,-79.35185,28.57333,,,11.2,,355,,1000.0,
100000001,588,05-01-25 12:32,-79.35231,28.57698,,,11.2,,356,,1000.0,
100000001,589,05-01-25 12:33,-79.35274,28.58061,,,11.2,,356,,1000.0,
100000001,590,05-01-25 12:35,-79.35317,28.58425,,,11.2,,356,,1000.0,
100000001,591,05-01-25 12:36,-79.35362,28.58843,,,11.2,,356,,1000.0,
100000001,592,05-01-25 12:37,-79.354,28.59212,,,11.2,,356,,1000.0,
100000001,593,05-01-25 12:38,-79.35436,28.59572,,,11.2,,356,,1000.0,
100000001,594,05-01-25 12:39,-79.35478,28.59927,,,11.1,,356,,1000.0,
100000001,595,05-01-25 12:41,-79.35529,28.60342,,,11.2,,356,,1000.0,
100000001,596,05-01-25 12:42,-79.35569,28.60715,,,11.1,,356,,1000.0,
100000001,597,05-01-25 12:43,-79.35616,28.61125,,,11.1,,356,,1000.0,
100000001,598,05-01-25 12:45,-79.35677,28.61641,,,11.1,,356,,1000.0,
100000001,599,05-01-25 12:46,-79.35725,28.62048,,,11.1,,356,,1000.0,
100000001,600,05-01-25 12:47,-79.35764,28.62415,,,11.1,,356,,1000.0,
100000001,601,05-01-25 12:49,-79.35802,28.62784,,,11.1,,356,,1000.0,
100000001,602,05-01-25 12:50,-79.35844,28.63141,,,11.1,,356,,1000.0,
100000001,603,05-01-25 12:51,-79.35892,28.635,,,11.1,,356,,1000.0,
100000001,604,05-01-25 12:52,-79.35934,28.63861,,,11.1,,356,,1000.0,
100000001,605,05-01-25 12:53,-79.35974,28.64225,,,11.1,,356,,1000.0,
100000001,606,05-01-25 12:55,-79.36022,28.64637,,,11.1,,356,,1000.0,
100000001,607,05-01-25 12:56,-79.36064,28.64993,,,11.1,,356,,1000.0,
100000001,608,05-01-25 12:57,-79.36106,28.65347,,,11.1,,356,,1000.0,
100000001,609,05-01-25 12:58,-79.36156,28.65765,,,11.1,,356,,1000.0,
100000001,610,05-01-25 13:00,-79.36204,28.66169,,,11.0,,356,,1000.0,
100000001,611,05-01-25 13:01,-79.36245,28.66532,,,11.1,,356,,1000.0,
100000001,612,05-01-25 13:02,-79.36302,28.6705,,,11.0,,356,,1000.0,
100000001,613,05-01-25 13:04,-79.36341,28.6741,,,11.0,,356,,1000.0,
100000001,614,05-01-25 13:05,-79.36385,28.67813,,,11.0,,356,,1000.0,
100000001,615,05-01-25 13:06,-79.36424,28.68174,,,11.0,,356,,1000.0,
100000001,616,05-01-25 13:07,-79.36464,28.6853,,,11.0,,356,,1000.0,
100000001,617,05-01-25 13:09,-79.36512,28.68944,,,11.0,,356,,1000.0,
100000001,618,05-01-25 13:10,-79.3655,28.69296,,,11.0,,356,,1000.0,
100000001,619,05-01-25 13:11,-79.36597,28.69708,,,10.9,,356,,1000.0,
100000001,620,05-01-25 13:12,-79.36645,28.70116,,,10.9,,356,,1000.0,
100000001,621,05-01-25 13:14,-79.36705,28.70677,,,10.9,,356,,1000.0,
100000001,622,05-01-25 13:15,-79.36741,28.71036,,,10.9,,356,,1000.0,
100000001,623,05-01-25 13:17,-79.36775,28.7138,,,11.0,,356,,1000.0,
100000001,624,05-01-25 13:18,-79.36809,28.71699,,,10.9,,355,,1000.0,
100000001,625,05-01-25 13:19,-79.36848,28.72049,,,10.9,,355,,1000.0,
100000001,626,05-01-25 13:20,-79.36911,28.72559,,,10.9,,355,,1000.0,
100000001,627,05-01-25 13:22,-79.36974,28.73112,,,10.9,,355,,1000.0,
100000001,628,05-01-25 13:24,-79.37033,28.73623,,,10.8,,355,,1000.0,
100000001,629,05-01-25 13:25,-79.37073,28.73978,,,10.9,,355,,1000.0,
100000001,630,05-01-25 13:26,-79.37123,28.74383,,,10.9,,355,,1000.0,
100000001,631,05-01-25 13:28,-79.37186,28.74889,,,10.9,,355,,1000.0,
100000001,632,05-01-25 13:29,-79.37234,28.75289,,,10.9,,355,,1000.0,
100000001,633,05-01-25 13:31,-79.37287,28.75746,,,10.9,,355,,1000.0,
100000001,634,05-01-25 13:32,-79.37328,28.7611,,,10.9,,355,,1000.0,
100000001,635,05-01-25 13:33,-79.3737,28.76461,,,10.8,,355,,1000.0,
100000001,636,05-01-25 13:35,-79.37431,28.76957,,,10.8,,355,,1000.0,
100000001,637,05-01-25 13:36,-79.37471,28.77316,,,10.8,,355,,1000.0,
100000001,638,05-01-25 13:37,-79.37508,28.77675,,,11.1,,355,,1000.0,
100000001,639,05-01-25 13:39,-79.37587,28.78308,,,11.6,,355,,1000.0,
100000001,640,05-01-25 13:40,-79.37629,28.78683,,,11.8,,355,,1000.0,
100000001,641,05-01-25 13:42,-79.37677,28.79085,,,12.0,,355,,1000.0,
100000001,642,05-01-25 13:43,-79.3772,28.79466,,,12.1,,354,,1000.0,
100000001,643,05-01-25 13:44,-79.37772,28.7986,,,12.1,,354,,1000.0,
100000001,644,05-01-25 13:45,-79.37831,28.80255,,,12.1,,354,,1000.0,
100000001,645,05-01-25 13:46,-79.37892,28.80653,,,12.2,,354,,1000.0,
100000001,646,05-01-25 13:47,-79.37947,28.81055,,,12.2,,354,,1000.0,
100000001,647,05-01-25 13:49,-79.37999,28.81448,,,12.2,,353,,1000.0,
100000001,648,05-01-25 13:50,-79.3805,28.81844,,,12.2,,353,,1000.0,
100000001,649,05-01-25 13:51,-79.38106,28.82234,,,12.1,,353,,1000.0,
100000001,650,05-01-25 13:52,-79.38161,28.82574,,,12.1,,353,,1000.0,
100000001,651,05-01-25 13:53,-79.38227,28.82978,,,12.8,,353,,1000.0,
100000001,652,05-01-25 13:54,-79.38297,28.83422,,,13.6,,353,,1000.0,
100000001,653,05-01-25 13:55,-79.38361,28.83857,,,14.1,,352,,1000.0,
100000001,654,05-01-25 13:59,-79.38603,28.85148,,,14.7,,349,,1000.0,
100000001,655,05-01-25 14:00,-79.38719,28.85627,,,14.7,,350,,1000.0,
100000001,656,05-01-25 14:01,-79.38845,28.86191,,,14.8,,350,,1000.0,
100000001,657,05-01-25 14:03,-79.39025,28.87005,,,14.7,,350,,1000.0,
100000001,658,05-01-25 14:09,-79.39533,28.8923,,,14.8,,350,,1000.0,
100000001,659,05-01-25 14:10,-79.39636,28.89684,,,14.8,,350,,1000.0,
100000001,660,05-01-25 14:11,-79.39751,28.90174,,,14.8,,350,,1000.0,
100000001,661,05-01-25 14:12,-79.3986,28.90656,,,14.9,,350,,1000.0,
100000001,662,05-01-25 14:13,-79.39957,28.91109,,,14.9,,350,,1000.0,
100000001,663,05-01-25 14:14,-79.40059,28.91564,,,14.9,,350,,1000.0,
100000001,664,05-01-25 14:16,-79.40243,28.92376,,,14.9,,350,,1000.0,
100000001,665,05-01-25 14:18,-79.40351,28.92858,,,14.9,,350,,1000.0,
100000001,666,05-01-25 14:20,-79.40608,28.93932,,,15.3,,350,,1000.0,
100000001,667,05-01-25 14:21,-79.40725,28.94401,,,15.5,,350,,1000.0,
100000001,668,05-01-25 14:22,-79.40846,28.9486,,,15.7,,350,,1000.0,
100000001,669,05-01-25 14:24,-79.40976,28.95342,,,16.0,,352,,1000.0,
100000001,670,05-01-25 14:25,-79.41089,28.95826,,,16.1,,355,,1000.0,
100000001,671,05-01-25 14:26,-79.41179,28.96356,,,16.2,,358,,1000.0,
100000001,672,05-01-25 14:27,-79.4125,28.96904,,,16.2,,359,,1000.0,
100000001,673,05-01-25 14:28,-79.41301,28.97396,,,16.2,,0,,1000.0,
100000001,674,05-01-25 14:29,-79.41341,28.97884,,,16.2,,1,,1000.0,
100000001,675,05-01-25 14:30,-79.41373,28.98336,,,16.2,,1,,1000.0,
100000001,676,05-01-25 14:32,-79.41426,28.98966,,,16.2,,2,,1000.0,
100000001,677,05-01-25 14:34,-79.41489,29.00181,,,16.1,,2,,1000.0,
100000001,678,05-01-25 14:35,-79.41518,29.00673,,,16.1,,2,,1000.0,
100000001,679,05-01-25 14:37,-79.41544,29.01246,,,16.1,,2,,1000.0,
100000001,680,05-01-25 14:38,-79.41571,29.0183,,,16.0,,2,,1000.0,
100000001,681,05-01-25 14:39,-79.41599,29.02331,,,16.0,,2,,1000.0,
100000001,682,05-01-25 14:40,-79.41617,29.02815,,,16.0,,2,,1000.0,
100000001,683,05-01-25 14:41,-79.41638,29.03299,,,16.0,,2,,1000.0,
100000001,684,05-01-25 14:42,-79.41668,29.038,,,16.0,,2,,1000.0,
100000001,685,05-01-25 14:44,-79.41694,29.04299,,,15.9,,2,,1000.0,
100000001,686,05-01-25 14:45,-79.41721,29.04816,,,15.9,,2,,1000.0,
100000001,687,05-01-25 14:46,-79.41754,29.05443,,,15.9,,2,,1000.0,
100000001,688,05-01-25 14:48,-79.4178,29.06152,,,15.9,,2,,1000.0,
100000001,689,05-01-25 14:49,-79.41804,29.06646,,,15.9,,2,,1000.0,
100000001,690,05-01-25 14:50,-79.41821,29.07124,,,15.8,,2,,1000.0,
100000001,691,05-01-25 14:51,-79.41835,29.07694,,,15.8,,2,,1000.0,
100000001,692,05-01-25 14:52,-79.4185,29.08187,,,15.8,,2,,1000.0,
100000001,693,05-01-25 14:53,-79.41864,29.08668,,,15.8,,2,,1000.0,
100000001,694,05-01-25 14:55,-79.41888,29.09144,,,15.8,,2,,1000.0,
100000001,695,05-01-25 14:56,-79.41901,29.09626,,,15.7,,2,,1000.0,
100000001,696,05-01-25 14:57,-79.41921,29.10117,,,15.7,,2,,1000.0,
100000001,697,05-01-25 14:58,-79.41939,29.10592,,,15.7,,2,,1000.0,
100000001,698,05-01-25 14:59,-79.41958,29.11076,,,15.6,,2,,1000.0,
100000001,699,05-01-25 15:00,-79.41971,29.1138,,,15.6,,2,,1000.0,
100000001,700,05-01-25 15:02,-79.42005,29.12578,,,15.5,,2,,1000.0,
100000001,701,05-01-25 15:13,-79.4237,29.17114,,,15.3,,358,,1000.0,
100000001,702,05-01-25 15:14,-79.4242,29.17576,,,15.2,,358,,1000.0,
100000001,703,05-01-25 15:15,-79.42478,29.1813,,,15.3,,358,,1000.0,
100000001,704,05-01-25 15:17,-79.42529,29.18635,,,15.3,,358,,1000.0,
100000001,705,05-01-25 15:18,-79.42573,29.19063,,,15.3,,358,,1000.0,
100000001,706,05-01-25 15:19,-79.42634,29.19628,,,15.3,,357,,1000.0,
100000001,707,05-01-25 15:20,-79.42704,29.20172,,,15.3,,357,,1000.0,
100000001,708,05-01-25 15:22,-79.42785,29.20767,,,15.3,,357,,1000.0,
100000001,709,05-01-25 15:23,-79.42858,29.214,,,15.3,,357,,1000.0,
100000001,710,05-01-25 15:28,-79.43107,29.23305,,,15.2,,357,,1000.0,
100000001,711,05-01-25 15:29,-79.43178,29.23899,,,15.2,,357,,1000.0,
100000001,712,05-01-25 15:30,-79.43237,29.24367,,,15.1,,357,,1000.0,
100000001,713,05-01-25 15:31,-79.43309,29.24922,,,15.2,,357,,1000.0,
100000001,714,05-01-25 15:32,-79.43361,29.25344,,,15.2,,357,,1000.0,
100000001,715,05-01-25 15:34,-79.43427,29.25888,,,15.2,,357,,1000.0,
100000001,716,05-01-25 15:35,-79.43484,29.26362,,,15.2,,357,,1000.0,
100000001,717,05-01-25 15:36,-79.43544,29.26828,,,15.2,,357,,1000.0,
100000001,718,05-01-25 15:37,-79.43602,29.27287,,,15.2,,357,,1000.0,
100000001,719,05-01-25 15:38,-79.4367,29.27802,,,15.2,,357,,1000.0,
100000001,720,05-01-25 15:39,-79.43726,29.2826,,,15.2,,358,,1000.0,
100000001,721,05-01-25 15:40,-79.43776,29.28727,,,15.2,,358,,1000.0,
100000001,722,05-01-25 15:44,-79.43906,29.30044,,,15.2,,358,,1000.0,
100000001,723,05-01-25 15:45,-79.43959,29.30511,,,15.2,,358,,1000.0,
100000001,724,05-01-25 15:46,-79.44014,29.31028,,,15.2,,358,,1000.0,
100000001,725,05-01-25 15:47,-79.44068,29.31534,,,15.2,,358,,1000.0,
100000001,726,05-01-25 15:48,-79.44115,29.31994,,,15.2,,358,,1000.0,
100000001,727,05-01-25 15:49,-79.44164,29.3246,,,15.2,,358,,1000.0,
100000001,728,05-01-25 15:50,-79.44214,29.32935,,,15.2,,358,,1000.0,
100000001,729,05-01-25 15:52,-79.44272,29.33486,,,15.2,,358,,1000.0,
100000001,730,05-01-25 15:53,-79.44321,29.33955,,,15.2,,358,,1000.0,
100000001,731,05-01-25 15:54,-79.44367,29.34423,,,15.2,,358,,1000.0,
100000001,732,05-01-25 15:55,-79.44417,29.34895,,,15.1,,354,,1000.0,
100000001,733,05-01-25 15:56,-79.445,29.3535,-79.445,29.3535,14.7,14.7,339,339.0,0.0,
100000001,734,05-01-25 15:57,-79.4473,29.35818,,,13.8,,317,,1000.0,
100000001,735,05-01-25 15:58,-79.45046,29.36145,,,13.8,,311,,1000.0,
100000001,736,05-01-25 16:02,-79.46102,29.36957,,,14.6,,309,,1000.0,
100000001,737,05-01-25 16:05,-79.47477,29.38005,,,15.2,,311,,1000.0,
100000001,738,05-01-25 16:06,-79.47872,29.3832,,,15.1,,312,,1000.0,
100000001,739,05-01-25 16:08,-79.48263,29.38638,,,15.2,,312,,1000.0,
100000001,740,05-01-25 16:10,-79.4929,29.39494,,,15.3,,314,,1000.0,
100000001,741,05-01-25 16:12,-79.49777,29.39918,,,15.4,,314,,1000.0,
100000001,742,05-01-25 16:13,-79.50189,29.40281,,,15.3,,314,,1000.0,
100000001,743,05-01-25 16:14,-79.50674,29.40712,,,15.3,,314,,1000.0,
100000001,744,05-01-25 16:16,-79.51098,29.41086,,,15.3,,314,,1000.0,
100000001,745,05-01-25 16:18,-79.51991,29.41872,,,15.3,,314,,1000.0,
100000001,746,05-01-25 16:19,-79.5238,29.42218,,,15.4,,314,,1000.0,
100000001,747,05-01-25 16:21,-79.52831,29.42619,,,15.4,,314,,1000.0,
100000001,748,05-01-25 16:22,-79.53246,29.42986,,,15.5,,314,,1000.0,
100000001,749,05-01-25 16:23,-79.53619,29.43323,,,15.4,,314,,1000.0,
100000001,750,05-01-25 16:26,-79.54728,29.44319,,,15.5,,314,,1000.0,
100000001,751,05-01-25 16:28,-79.55286,29.44821,,,15.6,,313,,1000.0,
100000001,752,05-01-25 16:31,-79.56451,29.45833,,,15.5,,313,,1000.0,
100000001,753,05-01-25 16:32,-79.56838,29.46167,,,15.5,,313,,1000.0,
100000001,754,05-01-25 16:34,-79.57401,29.46663,,,15.6,,313,,1000.0,
100000001,755,05-01-25 16:35,-79.57931,29.4713,,,15.6,,313,,1000.0,
100000001,756,05-01-25 16:36,-79.58321,29.47471,,,15.6,,313,,1000.0,
100000001,757,05-01-25 16:37,-79.58706,29.4781,,,15.6,,313,,1000.0,
100000001,758,05-01-25 16:39,-79.59137,29.48192,,,15.6,,313,,1000.0,
100000001,759,05-01-25 16:40,-79.59667,29.48648,,,15.6,,313,,1000.0,
100000001,760,05-01-25 16:45,-79.61289,29.50084,,,15.8,,313,,1000.0,
100000001,761,05-01-25 16:46,-79.61786,29.50529,,,15.8,,313,,1000.0,
100000001,762,05-01-25 16:47,-79.62174,29.5087,,,15.8,,313,,1000.0,
100000001,763,05-01-25 16:48,-79.62565,29.51217,,,15.9,,313,,1000.0,
100000001,764,05-01-25 16:50,-79.63245,29.51825,,,16.0,,313,,1000.0,
100000001,765,05-01-25 16:51,-79.63636,29.52179,,,16.0,,313,,1000.0,
100000001,766,05-01-25 16:53,-79.64138,29.52635,,,16.0,,313,,1000.0,
100000001,767,05-01-25 16:54,-79.64526,29.52996,,,16.0,,313,,1000.0,
100000001,768,05-01-25 16:55,-79.64979,29.53413,,,16.1,,313,,1000.0,
100000001,769,05-01-25 16:57,-79.65545,29.53933,,,16.1,,313,,1000.0,
100000001,770,05-01-25 16:59,-79.66191,29.54519,,,16.2,,313,,1000.0,
100000001,771,05-01-25 17:00,-79.66554,29.54849,,,16.2,,313,,1000.0,
100000001,772,05-01-25 17:01,-79.66957,29.55219,,,16.3,,313,,1000.0,
100000001,773,05-01-25 17:02,-79.67317,29.55548,,,16.4,,313,,1000.0,
100000001,774,05-01-25 17:03,-79.67749,29.55936,,,16.3,,311,,1000.0,
100000001,775,05-01-25 17:04,-79.68163,29.56292,,,16.4,,311,,1000.0,
100000001,776,05-01-25 17:05,-79.68563,29.56644,,,16.5,,311,,1000.0,
100000001,777,05-01-25 17:06,-79.68972,29.57,,,16.4,,311,,1000.0,
100000001,778,05-01-25 17:07,-79.69425,29.57392,,,16.4,,311,,1000.0,
100000001,779,05-01-25 17:09,-79.69865,29.57777,,,16.5,,311,,1000.0,
100000001,780,05-01-25 17:10,-79.7028,29.58132,,,16.4,,311,,1000.0,
100000001,781,05-01-25 17:11,-79.7069,29.58489,,,16.5,,311,,1000.0,
100000001,782,05-01-25 17:12,-79.71097,29.58844,,,16.5,,311,,1000.0,
100000001,783,05-01-25 17:13,-79.7155,29.59229,,,16.5,,310,,1000.0,
100000001,784,05-01-25 17:14,-79.71999,29.59611,,,16.4,,310,,1000.0,
100000001,785,05-01-25 17:15,-79.72414,29.59968,,,16.5,,310,,1000.0,
100000001,786,05-01-25 17:16,-79.72828,29.60326,,,16.5,,310,,1000.0,
100000001,787,05-01-25 17:18,-79.73244,29.60688,,,16.6,,310,,1000.0,
100000001,788,05-01-25 17:19,-79.73649,29.61038,,,16.5,,310,,1000.0,
100000001,789,05-01-25 17:20,-79.74062,29.61391,,,16.5,,310,,1000.0,
100000001,790,05-01-25 17:21,-79.74471,29.6175,,,16.6,,310,,1000.0,
100000001,791,05-01-25 17:22,-79.74916,29.6214,,,16.5,,310,,1000.0,
100000001,792,05-01-25 17:23,-79.75366,29.62527,,,16.4,,310,,1000.0,
100000001,793,05-01-25 17:24,-79.75774,29.62883,,,16.4,,310,,1000.0,
100000001,794,05-01-25 17:25,-79.76179,29.63237,,,16.2,,310,,1000.0,
100000001,795,05-01-25 17:27,-79.76579,29.63594,,,16.3,,310,,1000.0,
100000001,796,05-01-25 17:28,-79.76985,29.63954,,,16.3,,310,,1000.0,
100000001,797,05-01-25 17:29,-79.77381,29.64299,,,16.2,,310,,1000.0,
100000001,798,05-01-25 17:30,-79.77782,29.64649,,,16.2,,310,,1000.0,
100000001,799,05-01-25 17:31,-79.78227,29.65035,,,16.2,,310,,1000.0,
100000001,800,05-01-25 17:33,-79.79059,29.65762,,,16.3,,310,,1000.0,
100000001,801,05-01-25 17:34,-79.79465,29.66111,,,16.2,,310,,1000.0,
100000001,802,05-01-25 17:36,-79.79873,29.6646,,,16.2,,310,,1000.0,
100000001,803,05-01-25 17:37,-79.80386,29.66906,,,16.3,,310,,1000.0,
100000001,804,05-01-25 17:39,-79.80971,29.67425,,,16.3,,310,,1000.0,
100000001,805,05-01-25 17:40,-79.81454,29.67851,,,16.3,,310,,1000.0,
100000001,806,05-01-25 17:41,-79.81854,29.68203,,,16.3,,310,,1000.0,
100000001,807,05-01-25 17:42,-79.8225,29.68556,,,16.3,,310,,1000.0,
100000001,808,05-01-25 17:44,-79.82802,29.69041,,,16.3,,310,,1000.0,
100000001,809,05-01-25 17:45,-79.83213,29.69401,,,16.3,,310,,1000.0,
100000001,810,05-01-25 17:46,-79.83598,29.69749,,,16.3,,310,,1000.0,
100000001,811,05-01-25 17:48,-79.84293,29.70374,,,16.2,,310,,1000.0,
100000001,812,05-01-25 17:50,-79.85206,29.71185,,,16.0,,308,,1000.0,
100000001,813,05-01-25 17:52,-79.85716,29.71616,,,16.0,,308,,1000.0,
100000001,814,05-01-25 17:54,-79.86445,29.72233,,,16.0,,308,,1000.0,
100000001,815,05-01-25 17:56,-79.87285,29.72959,,,16.1,,308,,1000.0,
100000001,816,05-01-25 17:57,-79.8773,29.73333,,,16.1,,308,,1000.0,
100000001,817,05-01-25 17:58,-79.88136,29.73683,,,16.1,,308,,1000.0,
100000001,818,05-01-25 17:59,-79.88542,29.7403,,,16.2,,308,,1000.0,
100000001,819,05-01-25 18:00,-79.88651,29.74125,,,16.2,,308,,1000.0,
100000001,820,05-01-25 18:01,-79.89053,29.74477,,,16.2,,308,,1000.0,
100000001,821,05-01-25 18:02,-79.89457,29.74829,,,16.3,,308,,1000.0,
100000001,822,05-01-25 18:03,-79.89826,29.75154,,,16.4,,308,,1000.0,
100000001,823,05-01-25 18:04,-79.90268,29.75541,,,16.4,,308,,1000.0,
100000001,824,05-01-25 18:05,-79.90717,29.7593,,,16.4,,308,,1000.0,
100000001,825,05-01-25 18:06,-79.91123,29.76291,,,16.4,,308,,1000.0,
100000001,826,05-01-25 18:07,-79.91535,29.76656,,,16.4,,308,,1000.0,
100000001,827,05-01-25 18:09,-79.91965,29.77041,,,16.4,,308,,1000.0,
100000001,828,05-01-25 18:10,-79.92374,29.77399,,,16.5,,308,,1000.0,
100000001,829,05-01-25 18:11,-79.92784,29.77766,,,16.5,,308,,1000.0,
100000001,830,05-01-25 18:12,-79.9319,29.78124,,,16.5,,308,,1000.0,
100000001,831,05-01-25 18:13,-79.93593,29.78487,,,16.6,,308,,1000.0,
100000001,832,05-01-25 18:14,-79.94044,29.78891,,,16.7,,308,,1000.0,
100000001,833,05-01-25 18:15,-79.94449,29.79256,,,16.7,,308,,1000.0,
100000001,834,05-01-25 18:16,-79.9485,29.79618,,,16.7,,307,,1000.0,
100000001,835,05-01-25 18:18,-79.95307,29.80013,,,16.6,,306,,1000.0,
100000001,836,05-01-25 18:19,-79.95717,29.80357,,,16.5,,306,,1000.0,
100000001,837,05-01-25 18:20,-79.9633,29.8088,,,16.6,,306,,1000.0,
100000001,838,05-01-25 18:21,-79.96749,29.8124,,,16.7,,306,,1000.0,
100000001,839,05-01-25 18:23,-79.97209,29.81633,,,16.7,,306,,1000.0,
100000001,840,05-01-25 18:24,-79.9793,29.82251,,,16.7,,306,,1000.0,
100000001,841,05-01-25 18:26,-79.98356,29.82616,,,16.7,,306,,1000.0,
100000001,842,05-01-25 18:27,-79.98771,29.82973,,,16.7,,306,,1000.0,
100000001,843,05-01-25 18:29,-79.99503,29.83604,,,16.8,,306,,1000.0,
100000001,844,05-01-25 18:30,-80.00145,29.84157,,,16.7,,306,,1000.0,
100000001,845,05-01-25 18:32,-80.0068,29.8462,,,16.8,,306,,1000.0,
100000001,846,05-01-25 18:34,-80.01407,29.85251,,,16.8,,306,,1000.0,
100000001,847,05-01-25 18:35,-80.01826,29.85612,,,16.8,,306,,1000.0,
100000001,848,05-01-25 18:36,-80.02284,29.86011,,,16.8,,306,,1000.0,
100000001,849,05-01-25 18:38,-80.03007,29.86641,,,16.8,,306,,1000.0,
100000001,850,05-01-25 18:39,-80.03426,29.87008,,,16.8,,306,,1000.0,
100000001,851,05-01-25 18:40,-80.03843,29.87375,,,16.8,,306,,1000.0,
100000001,852,05-01-25 18:41,-80.04268,29.87745,,,16.8,,306,,1000.0,
100000001,853,05-01-25 18:43,-80.05136,29.88508,,,16.8,,306,,1000.0,
100000001,854,05-01-25 18:45,-80.05706,29.89008,,,16.8,,306,,1000.0,
100000001,855,05-01-25 18:46,-80.06166,29.89416,,,16.8,,306,,1000.0,
100000001,856,05-01-25 18:49,-80.07108,29.90251,,,16.8,,306,,1000.0,
100000001,857,05-01-25 18:50,-80.07748,29.9082,,,16.7,,306,,1000.0,
100000001,858,05-01-25 18:51,-80.08197,29.91221,,,16.8,,306,,1000.0,
100000001,859,05-01-25 18:53,-80.08615,29.91594,,,16.8,,306,,1000.0,
100000001,860,05-01-25 18:55,-80.09624,29.925,,,16.7,,306,,1000.0,
100000001,861,05-01-25 18:56,-80.10079,29.92904,,,16.8,,306,,1000.0,
100000001,862,05-01-25 18:58,-80.10484,29.93267,,,16.7,,306,,1000.0,
100000001,863,05-01-25 18:59,-80.10902,29.9364,,,16.7,,306,,1000.0,
100000001,864,05-01-25 19:00,-80.11241,29.93944,,,16.7,,306,,1000.0,
100000001,865,05-01-25 19:01,-80.11658,29.94319,,,16.7,,306,,1000.0,
100000001,866,05-01-25 19:02,-80.12064,29.94685,,,16.7,,306,,1000.0,
100000001,867,05-01-25 19:03,-80.12479,29.95058,,,16.7,,306,,1000.0,
100000001,868,05-01-25 19:04,-80.12887,29.95426,,,16.7,,306,,1000.0,
100000001,869,05-01-25 19:05,-80.13302,29.95797,,,16.7,,306,,1000.0,
100000001,870,05-01-25 19:06,-80.13714,29.96164,,,16.7,,306,,1000.0,
100000001,871,05-01-25 19:07,-80.14128,29.96532,,,16.7,,306,,1000.0,
100000001,872,05-01-25 19:09,-80.14617,29.9697,,,16.8,,306,,1000.0,
100000001,873,05-01-25 19:10,-80.1507,29.97374,,,16.8,,306,,1000.0,
100000001,874,05-01-25 19:11,-80.15485,29.9774,,,16.7,,306,,1000.0,
100000001,875,05-01-25 19:12,-80.15899,29.98107,,,16.8,,306,,1000.0,
100000001,876,05-01-25 19:13,-80.16314,29.98473,,,16.7,,306,,1000.0,
100000001,877,05-01-25 19:14,-80.16733,29.98845,,,16.9,,306,,1000.0,
100000001,878,05-01-25 19:15,-80.17223,29.99276,,,16.7,,306,,1000.0,
100000001,879,05-01-25 19:17,-80.17642,29.99644,,,16.7,,306,,1000.0,
100000001,880,05-01-25 19:18,-80.18065,30.00016,,,16.6,,306,,1000.0,
100000001,881,05-01-25 19:19,-80.18471,30.00372,,,16.7,,306,,1000.0,
100000001,882,05-01-25 19:20,-80.18889,30.00738,,,16.7,,306,,1000.0,
100000001,883,05-01-25 19:21,-80.193,30.01099,,,16.6,,306,,1000.0,
100000001,884,05-01-25 19:22,-80.19764,30.01505,,,16.6,,306,,1000.0,
100000001,885,05-01-25 19:24,-80.20294,30.01966,,,16.6,,306,,1000.0,
100000001,886,05-01-25 19:25,-80.2093,30.02521,,,16.6,,306,,1000.0,
100000001,887,05-01-25 19:26,-80.21341,30.0288,,,16.5,,306,,1000.0,
100000001,888,05-01-25 19:27,-80.21723,30.03208,,,16.5,,306,,1000.0,
100000001,889,05-01-25 19:29,-80.22213,30.03634,,,16.5,,306,,1000.0,
100000001,890,05-01-25 19:30,-80.22815,30.0415,,,16.6,,306,,1000.0,
100000001,891,05-01-25 19:31,-80.2318,30.04461,,,16.4,,306,,1000.0,
100000001,892,05-01-25 19:33,-80.23675,30.04873,,,16.3,,306,,1000.0,
100000001,893,05-01-25 19:34,-80.24135,30.05255,,,16.2,,306,,1000.0,
100000001,894,05-01-25 19:35,-80.24705,30.05728,,,16.2,,306,,1000.0,
100000001,895,05-01-25 19:36,-80.25119,30.06071,,,16.0,,306,,1000.0,
100000001,896,05-01-25 19:38,-80.25609,30.06469,,,15.9,,305,,1000.0,
100000001,897,05-01-25 19:39,-80.26025,30.06795,,,15.7,,306,,1000.0,
100000001,898,05-01-25 19:40,-80.26589,30.07237,,,15.7,,308,,1000.0,
100000001,899,05-01-25 19:41,-80.27031,30.07597,,,15.8,,309,,1000.0,
100000001,900,05-01-25 19:44,-80.27803,30.08235,,,15.7,,311,,1000.0,
100000001,901,05-01-25 19:45,-80.28272,30.08631,,,15.5,,312,,1000.0,
100000001,902,05-01-25 19:47,-80.28963,30.09225,,,14.1,,313,,1000.0,
100000001,903,05-01-25 19:49,-80.29687,30.09864,,,12.3,,312,,1000.0,
100000001,904,05-01-25 19:50,-80.29985,30.10123,,,11.8,,312,,1000.0,
100000001,905,05-01-25 19:52,-80.30306,30.10399,,,11.3,,312,,1000.0,
100000001,906,05-01-25 19:53,-80.30637,30.10694,,,11.0,,313,,1000.0,
100000001,907,05-01-25 19:54,-80.30934,30.10953,,,10.8,,312,,1000.0,
100000001,908,05-01-25 19:57,-80.31619,30.11547,,,10.5,,312,,1000.0,
100000001,909,05-01-25 19:59,-80.32019,30.11884,,,10.4,,312,,1000.0,
100000001,910,05-01-25 20:00,-80.32255,30.12082,,,10.4,,313,,1000.0,
100000001,911,05-01-25 20:01,-80.32572,30.12354,,,10.3,,313,,1000.0,
100000001,912,05-01-25 20:02,-80.32838,30.12587,,,10.3,,313,,1000.0,
100000001,913,05-01-25 20:03,-80.33121,30.12835,,,10.3,,313,,1000.0,
100000001,914,05-01-25 20:05,-80.33499,30.13173,,,10.3,,312,,1000.0,
100000001,915,05-01-25 20:07,-80.33933,30.13548,,,10.3,,312,,1000.0,
100000001,916,05-01-25 20:09,-80.34502,30.14012,,,10.3,,312,,1000.0,
100000001,917,05-01-25 20:10,-80.34824,30.14268,,,10.3,,313,,1000.0,
100000001,918,05-01-25 20:11,-80.35066,30.14465,,,10.2,,314,,1000.0,
100000001,919,05-01-25 20:13,-80.35343,30.14695,,,10.2,,314,,1000.0,
100000001,920,05-01-25 20:14,-80.35708,30.14998,,,10.2,,314,,1000.0,
100000001,921,05-01-25 20:16,-80.36065,30.1529,,,10.1,,314,,1000.0,
100000001,922,05-01-25 20:17,-80.36334,30.1552,,,10.1,,316,,1000.0,
100000001,923,05-01-25 20:18,-80.36607,30.15754,,,10.2,,317,,1000.0,
100000001,924,05-01-25 20:19,-80.36878,30.16,,,10.2,,317,,1000.0,
100000001,925,05-01-25 20:20,-80.37138,30.16235,,,10.1,,317,,1000.0,
100000001,926,05-01-25 20:22,-80.3755,30.16614,,,10.0,,317,,1000.0,
100000001,927,05-01-25 20:24,-80.37874,30.16913,,,9.9,,317,,1000.0,
100000001,928,05-01-25 20:25,-80.38281,30.17285,,,9.9,,316,,1000.0,
100000001,929,05-01-25 20:27,-80.38532,30.17511,,,9.9,,316,,1000.0,
100000001,930,05-01-25 20:28,-80.38865,30.17816,,,9.9,,316,,1000.0,
100000001,931,05-01-25 20:29,-80.39159,30.18085,,,9.9,,316,,1000.0,
100000001,932,05-01-25 20:32,-80.39744,30.1862,,,9.9,,316,,1000.0,
100000001,933,05-01-25 20:33,-80.39991,30.18847,,,9.8,,316,,1000.0,
100000001,934,05-01-25 20:34,-80.40247,30.19078,,,9.8,,316,,1000.0,
100000001,935,05-01-25 20:36,-80.40501,30.19309,,,9.8,,316,,1000.0,
100000001,936,05-01-25 20:38,-80.41055,30.19813,,,9.9,,316,,1000.0,
100000001,937,05-01-25 20:40,-80.41456,30.2018,,,9.9,,316,,1000.0,
100000001,938,05-01-25 20:41,-80.41754,30.20453,,,9.9,,316,,1000.0,
100000001,939,05-01-25 20:43,-80.42043,30.20717,,,9.9,,316,,1000.0,
100000001,940,05-01-25 20:45,-80.42631,30.21253,,,9.9,,316,,1000.0,
100000001,941,05-01-25 20:46,-80.42888,30.21482,,,9.9,,316,,1000.0,
100000001,942,05-01-25 20:48,-80.4329,30.21848,,,9.9,,316,,1000.0,
100000001,943,05-01-25 20:50,-80.43691,30.2221,,,9.9,,316,,1000.0,
100000001,944,05-01-25 20:51,-80.43952,30.22445,,,9.9,,316,,1000.0,
100000001,945,05-01-25 20:53,-80.44351,30.22812,,,9.9,,316,,1000.0,
100000001,946,05-01-25 20:56,-80.44896,30.23307,,,9.9,,316,,1000.0,
100000001,947,05-01-25 20:58,-80.45403,30.23762,,,9.1,,316,,1000.0,
100000001,948,05-01-25 20:59,-80.45626,30.23962,,,8.7,,316,,1000.0,
100000001,949,05-01-25 21:00,-80.45759,30.24081,,,8.3,,316,,1000.0,
100000001,950,05-01-25 21:01,-80.45967,30.24267,,,7.5,,315,,1000.0,
100000001,951,05-01-25 21:02,-80.46153,30.24432,,,6.8,,315,,1000.0,
100000001,952,05-01-25 21:03,-80.46321,30.24581,,,6.2,,315,,1000.0,
100000001,953,05-01-25 21:04,-80.46453,30.24698,,,5.7,,315,,1000.0,
100000001,954,05-01-25 21:05,-80.46598,30.24826,,,5.2,,315,,1000.0,
100000001,955,05-01-25 21:07,-80.4673,30.24944,,,4.9,,316,,1000.0,
100000001,956,05-01-25 21:08,-80.4685,30.25048,,,4.5,,316,,1000.0,
100000001,957,05-01-25 21:09,-80.46982,30.2516,,,4.4,,317,,1000.0,
100000001,958,05-01-25 21:10,-80.47117,30.25279,,,4.1,,320,,1000.0,
100000001,959,05-01-25 21:12,-80.4722,30.25378,,,3.8,,322,,1000.0,
100000001,960,05-01-25 21:13,-80.47302,30.2547,,,3.6,,323,,1000.0,
100000001,961,05-01-25 21:14,-80.47389,30.25559,,,3.4,,324,,1000.0,
100000001,962,05-01-25 21:15,-80.47467,30.25643,,,3.2,,325,,1000.0,
100000001,963,05-01-25 21:16,-80.4753,30.25724,,,3.1,,326,,1000.0,
100000001,964,05-01-25 21:18,-80.47612,30.25815,,,2.9,,328,,1000.0,
100000001,965,05-01-25 21:19,-80.47675,30.2589,,,2.8,,329,,1000.0,
100000001,966,05-01-25 21:20,-80.47732,30.25956,,,2.7,,329,,1000.0,
100000001,967,05-01-25 21:21,-80.47788,30.26034,,,2.6,,328,,1000.0,
100000001,968,05-01-25 21:22,-80.47833,30.26106,,,2.5,,328,,1000.0,
100000001,969,05-01-25 21:23,-80.4789,30.26176,,,2.4,,328,,1000.0,
100000001,970,05-01-25 21:25,-80.47939,30.2624,,,2.3,,328,,1000.0,
100000001,971,05-01-25 21:26,-80.47988,30.26301,,,2.3,,328,,1000.0,
100000001,972,05-01-25 21:27,-80.48042,30.26374,,,2.5,,328,,1000.0,
100000001,973,05-01-25 21:28,-80.48087,30.26431,,,2.4,,328,,1000.0,
100000001,974,05-01-25 21:29,-80.48134,30.2649,,,1.9,,328,,1000.0,
100000001,975,05-01-25 21:30,-80.48176,30.26547,,,2.5,,329,,1000.0,
100000001,976,05-01-25 21:32,-80.48248,30.26639,,,2.4,,329,,1000.0,
100000001,977,05-01-25 21:33,-80.48301,30.26709,,,2.5,,329,,1000.0,
100000001,978,05-01-25 21:34,-80.48357,30.26778,,,2.1,,329,,1000.0,
100000001,979,05-01-25 21:36,-80.48393,30.26826,,,2.1,,330,,1000.0,
100000001,980,05-01-25 21:37,-80.48435,30.26883,,,2.1,,331,,1000.0,
100000001,981,05-01-25 21:38,-80.48482,30.26942,-80.48482,30.26942,0.6,0.6,332,332.0,0.0,
100000001,982,05-01-25 21:40,-80.48493,30.26938,,,0.8,,336,,1000.0,
100000001,983,05-01-25 21:41,-80.48486,30.26861,,,1.8,,343,,1000.0,
100000001,984,05-01-25 21:43,-80.48468,30.26784,,,1.6,,348,,1000.0,
100000001,985,05-01-25 21:44,-80.48464,30.26732,,,1.5,,351,,1000.0,
100000001,986,05-01-25 21:46,-80.48455,30.26673,,,1.4,,353,,1000.0,
100000001,987,05-01-25 21:47,-80.48455,30.2663,,,1.3,,354,,1000.0,
100000001,988,05-01-25 21:48,-80.48456,30.26589,,,1.2,,355,,1000.0,
100000001,989,05-01-25 21:50,-80.4846,30.26536,,,1.1,,355,,1000.0,
100000001,990,05-01-25 21:51,-80.48462,30.26501,,,1.0,,354,,1000.0,
100000001,991,05-01-25 21:52,-80.48464,30.26462,,,0.9,,353,,1000.0,
100000001,992,05-01-25 21:54,-80.4847,30.26418,,,0.9,,352,,1000.0,
100000001,993,05-01-25 21:55,-80.48473,30.2639,,,0.8,,351,,1000.0,
100000001,994,05-01-25 21:57,-80.48482,30.26356,,,0.7,,350,,1000.0,
100000001,995,05-01-25 21:58,-80.48488,30.26324,,,0.6,,349,,1000.0,
100000001,996,05-01-25 22:00,-80.48489,30.26302,,,0.6,,348,,1000.0,
100000001,997,05-01-25 22:01,-80.48494,30.26281,,,0.5,,348,,1000.0,
100000001,998,05-01-25 22:02,-80.48497,30.26271,,,0.4,,348,,1000.0,
100000001,999,05-01-25 22:03,-80.48501,30.26259,,,0.5,,347,,1000.0,
100000001,1000,05-01-25 22:04,-80.48511,30.26244,,,0.4,,348,,1000.0,
100000001,1001,05-01-25 22:05,-80.48519,30.26232,,,0.4,,347,,1000.0,
100000001,1002,05-01-25 22:07,-80.4853,30.26222,,,0.4,,347,,1000.0,
100000001,1003,05-01-25 22:08,-80.48541,30.2621,,,0.5,,347,,1000.0,
100000001,1004,05-01-25 22:09,-80.48555,30.26203,,,0.2,,346,,1000.0,
100000001,1005,05-01-25 22:10,-80.48567,30.26197,-80.48567,30.26197,0.4,0.4,345,345.0,0.0,
100000001,1006,05-01-25 22:11,-80.48589,30.26223,,,1.6,,344,,1000.0,
100000001,1007,05-01-25 22:13,-80.4863,30.26304,,,3.1,,342,,1000.0,
100000001,1008,05-01-25 22:14,-80.48692,30.26429,,,4.8,,340,,1000.0,
100000001,1009,05-01-25 22:15,-80.48788,30.26646,,,6.0,,325,,1000.0,
100000001,1010,05-01-25 22:17,-80.4894,30.26849,,,6.7,,304,,1000.0,
100000001,1011,05-01-25 22:18,-80.49175,30.26998,-80.49175,30.26998,8.4,8.4,287,287.0,0.0,
100000001,1012,05-01-25 22:19,-80.49501,30.27089,,,9.8,,277,,1000.0,
100000001,1013,05-01-25 22:21,-80.50015,30.27138,,,11.5,,275,,1000.0,
100000001,1014,05-01-25 22:22,-80.5061,30.27166,,,12.7,,274,,1000.0,
100000001,1015,05-01-25 22:23,-80.51098,30.27191,,,13.3,,276,,1000.0,
100000001,1016,05-01-25 22:25,-80.51821,30.27245,,,14.0,,278,,1000.0,
100000001,1017,05-01-25 22:27,-80.52543,30.2731,,,14.0,,282,,1000.0,
100000001,1018,05-01-25 22:28,-80.53327,30.27437,,,13.7,,284,,1000.0,
100000001,1019,05-01-25 22:29,-80.53803,30.27527,,,13.5,,284,,1000.0,
100000001,1020,05-01-25 22:31,-80.54255,30.27605,,,13.4,,282,,1000.0,
100000001,1021,05-01-25 22:32,-80.54891,30.27709,,,13.4,,282,,1000.0,
100000001,1022,05-01-25 22:34,-80.55522,30.27804,,,13.3,,282,,1000.0,
100000001,1023,05-01-25 22:35,-80.56157,30.27897,,,13.3,,282,,1000.0,
100000001,1024,05-01-25 22:37,-80.56862,30.28008,,,13.4,,282,,1000.0,
100000001,1025,05-01-25 22:38,-80.57349,30.28082,,,13.4,,282,,1000.0,
100000001,1026,05-01-25 22:40,-80.58148,30.28208,,,13.4,,282,,1000.0,
100000001,1027,05-01-25 22:41,-80.58633,30.28286,,,13.4,,282,,1000.0,
100000001,1028,05-01-25 22:42,-80.5906,30.28347,,,13.3,,282,,1000.0,
100000001,1029,05-01-25 22:44,-80.59767,30.2845,,,13.4,,282,,1000.0,
100000001,1030,05-01-25 22:45,-80.60271,30.28525,,,13.3,,282,,1000.0,
100000001,1031,05-01-25 22:46,-80.60757,30.28607,,,13.3,,282,,1000.0,
100000001,1032,05-01-25 22:48,-80.61625,30.28743,,,13.5,,282,,1000.0,
100000001,1033,05-01-25 22:49,-80.62186,30.28834,,,13.5,,282,,1000.0,
100000001,1034,05-01-25 22:51,-80.62895,30.28939,,,13.5,,282,,1000.0,
100000001,1035,05-01-25 22:52,-80.63397,30.29015,,,13.5,,282,,1000.0,
100000001,1036,05-01-25 22:53,-80.6389,30.291,,,13.4,,282,,1000.0,
100000001,1037,05-01-25 22:55,-80.64471,30.29188,,,13.5,,282,,1000.0,
100000001,1038,05-01-25 22:56,-80.64965,30.29258,,,13.5,,282,,1000.0,
100000001,1039,05-01-25 22:57,-80.65476,30.29337,,,13.5,,282,,1000.0,
100000001,1040,05-01-25 22:58,-80.65987,30.29418,,,13.6,,282,,1000.0,
100000001,1041,05-01-25 22:59,-80.66481,30.29496,,,13.5,,282,,1000.0,
100000001,1042,05-01-25 23:00,-80.66617,30.29517,,,13.5,,282,,1000.0,
100000001,1043,05-01-25 23:01,-80.67121,30.29593,,,13.6,,282,,1000.0,
100000001,1044,05-01-25 23:02,-80.67622,30.29673,,,13.5,,282,,1000.0,
100000001,1045,05-01-25 23:03,-80.68132,30.29754,,,13.7,,282,,1000.0,
100000001,1046,05-01-25 23:04,-80.68626,30.29829,,,13.5,,282,,1000.0,
100000001,1047,05-01-25 23:05,-80.69138,30.29913,,,13.6,,282,,1000.0,
100000001,1048,05-01-25 23:07,-80.69713,30.30005,,,13.6,,282,,1000.0,
100000001,1049,05-01-25 23:08,-80.70217,30.30087,,,13.6,,282,,1000.0,
100000001,1050,05-01-25 23:09,-80.70866,30.30194,,,13.7,,282,,1000.0,
100000001,1051,05-01-25 23:11,-80.71361,30.30271,,,13.7,,282,,1000.0,
100000001,1052,05-01-25 23:12,-80.71879,30.30355,,,13.8,,282,,1000.0,
100000001,1053,05-01-25 23:13,-80.72377,30.3043,,,13.6,,282,,1000.0,
100000001,1054,05-01-25 23:14,-80.72948,30.30524,,,13.8,,282,,1000.0,
100000001,1055,05-01-25 23:16,-80.73533,30.30618,,,13.8,,282,,1000.0,
100000001,1056,05-01-25 23:17,-80.73985,30.30693,,,13.9,,282,,1000.0,
100000001,1057,05-01-25 23:18,-80.74486,30.30775,,,13.8,,282,,1000.0,
100000001,1058,05-01-25 23:19,-80.75065,30.30865,,,13.7,,282,,1000.0,
100000001,1059,05-01-25 23:20,-80.75566,30.3095,,,13.7,,282,,1000.0,
100000001,1060,05-01-25 23:22,-80.76366,30.31084,,,13.7,,282,,1000.0,
100000001,1061,05-01-25 23:24,-80.77016,30.3119,,,13.7,,282,,1000.0,
100000001,1062,05-01-25 23:26,-80.78096,30.31369,,,13.8,,281,,1000.0,
100000001,1063,05-01-25 23:30,-80.7993,30.31628,,,13.8,,280,,1000.0,
100000001,1064,05-01-25 23:32,-80.80657,30.31726,,,13.7,,280,,1000.0,
100000001,1065,05-01-25 23:33,-80.81238,30.31809,,,13.7,,280,,1000.0,
100000001,1066,05-01-25 23:35,-80.81825,30.31891,,,13.8,,280,,1000.0,
100000001,1067,05-01-25 23:36,-80.82483,30.31977,,,13.8,,280,,1000.0,
100000001,1068,05-01-25 23:37,-80.83,30.32049,,,13.8,,280,,1000.0,
100000001,1069,05-01-25 23:38,-80.83502,30.32119,,,13.8,,280,,1000.0,
100000001,1070,05-01-25 23:41,-80.84592,30.32277,,,13.8,,281,,1000.0,
100000001,1071,05-01-25 23:42,-80.85176,30.32366,,,13.1,,281,,1000.0,
100000001,1072,05-01-25 23:44,-80.85703,30.32452,,,12.5,,282,,1000.0,
100000001,1073,05-01-25 23:46,-80.86736,30.32619,,,11.7,,282,,1000.0,
100000001,1074,05-01-25 23:48,-80.87272,30.32711,,,11.5,,282,,1000.0,
100000001,1075,05-01-25 23:49,-80.87693,30.32781,,,11.2,,281,,1000.0,
100000001,1076,05-01-25 23:50,-80.8809,30.32846,,,10.5,,281,,1000.0,
100000001,1077,05-01-25 23:51,-80.88469,30.32908,,,10.1,,281,,1000.0,
100000001,1078,05-01-25 23:52,-80.88834,30.32965,,,9.7,,281,,1000.0,
100000001,1079,05-01-25 23:53,-80.89181,30.33022,,,9.4,,281,,1000.0,
100000001,1080,05-01-25 23:55,-80.89535,30.33079,,,9.2,,281,,1000.0,
100000001,1081,05-01-25 23:56,-80.89875,30.33135,,,9.0,,281,,1000.0,
100000001,1082,05-01-25 23:57,-80.90196,30.33186,,,8.8,,281,,1000.0,
100000001,1083,05-01-25 23:58,-80.90525,30.33241,,,8.8,,281,,1000.0,
100000001,1084,05-01-25 23:59,-80.90855,30.33294,,,8.7,,281,,1000.0,
100000001,1085,05-02-25 00:00,-80.90895,30.33301,,,8.7,,281,,1000.0,
100000001,1086,05-02-25 00:01,-80.9121,30.33351,,,8.6,,280,,1000.0,
100000001,1087,05-02-25 00:02,-80.91668,30.3342,,,8.5,,281,,1000.0,
100000001,1088,05-02-25 00:04,-80.91979,30.33473,,,8.5,,281,,1000.0,
100000001,1089,05-02-25 00:05,-80.92294,30.33529,,,8.5,,281,,1000.0,
100000001,1090,05-02-25 00:06,-80.92599,30.3358,,,8.5,,281,,1000.0,
100000001,1091,05-02-25 00:07,-80.9291,30.33633,,,8.4,,281,,1000.0,
100000001,1092,05-02-25 00:08,-80.93216,30.33687,,,8.4,,281,,1000.0,
100000001,1093,05-02-25 00:10,-80.93749,30.33775,,,8.4,,281,,1000.0,
100000001,1094,05-02-25 00:11,-80.94051,30.33825,,,8.3,,281,,1000.0,
100000001,1095,05-02-25 00:13,-80.94449,30.33893,,,8.4,,281,,1000.0,
100000001,1096,05-02-25 00:14,-80.94804,30.33959,,,8.3,,281,,1000.0,
100000001,1097,05-02-25 00:15,-80.95104,30.34013,,,8.3,,281,,1000.0,
100000001,1098,05-02-25 00:17,-80.95417,30.34065,,,8.4,,280,,1000.0,
100000001,1099,05-02-25 00:18,-80.95696,30.34108,,,8.9,,280,,1000.0,
100000001,1100,05-02-25 00:19,-80.96066,30.34165,,,10.9,,280,,1000.0,
100000001,1101,05-02-25 00:20,-80.96511,30.34237,,,12.3,,280,,1000.0,
100000001,1102,05-02-25 00:21,-80.96985,30.34312,,,13.3,,280,,1000.0,
100000001,1103,05-02-25 00:22,-80.97558,30.34389,,,13.9,,280,,1000.0,
100000001,1104,05-02-25 00:24,-80.98172,30.34478,,,14.5,,280,,1000.0,
100000001,1105,05-02-25 00:25,-80.98679,30.34556,,,14.6,,280,,1000.0,
100000001,1106,05-02-25 00:26,-80.99192,30.34634,,,14.8,,280,,1000.0,
100000001,1107,05-02-25 00:27,-80.99706,30.34714,,,15.0,,280,,1000.0,
100000001,1108,05-02-25 00:28,-81.00239,30.34791,,,15.0,,280,,1000.0,
100000001,1109,05-02-25 00:29,-81.00756,30.34869,,,15.0,,280,,1000.0,
100000001,1110,05-02-25 00:30,-81.0129,30.34946,,,15.7,,280,,1000.0,
100000001,1111,05-02-25 00:31,-81.01832,30.35028,,,16.5,,280,,1000.0,
100000001,1112,05-02-25 00:33,-81.02434,30.3512,,,17.2,,280,,1000.0,
100000001,1113,05-02-25 00:34,-81.03063,30.35219,,,18.0,,280,,1000.0,
100000001,1114,05-02-25 00:35,-81.03702,30.35314,,,18.5,,280,,1000.0,
100000001,1115,05-02-25 00:36,-81.04471,30.35427,,,19.0,,280,,1000.0,
100000001,1116,05-02-25 00:37,-81.05123,30.35525,,,19.0,,280,,1000.0,
100000001,1117,05-02-25 00:38,-81.05798,30.35629,,,19.1,,280,,1000.0,
100000001,1118,05-02-25 00:39,-81.06511,30.35737,,,19.4,,280,,1000.0,
100000001,1119,05-02-25 00:41,-81.07199,30.3585,,,19.3,,280,,1000.0,
100000001,1120,05-02-25 00:42,-81.07874,30.35957,,,19.4,,280,,1000.0,
100000001,1121,05-02-25 00:43,-81.08546,30.36063,,,19.4,,280,,1000.0,
100000001,1122,05-02-25 00:44,-81.09224,30.36167,,,19.4,,280,,1000.0,
100000001,1123,05-02-25 00:45,-81.09889,30.3627,,,19.6,,279,,1000.0,
100000001,1124,05-02-25 00:46,-81.10699,30.36374,,,19.2,,276,,1000.0,
100000001,1125,05-02-25 00:47,-81.11367,30.36427,,,19.2,,273,,1000.0,
100000001,1126,05-02-25 00:48,-81.12051,30.36456,,,19.0,,271,,1000.0,
100000001,1127,05-02-25 00:50,-81.12724,30.36471,,,19.2,,270,,1000.0,
100000001,1128,05-02-25 00:51,-81.1352,30.36477,,,18.4,,270,,1000.0,
100000001,1129,05-02-25 00:52,-81.1415,30.36487,,,17.6,,270,,1000.0,
100000001,1130,05-02-25 00:53,-81.14765,30.36487,,,16.7,,269,,1000.0,
100000001,1131,05-02-25 00:54,-81.15334,30.36493,,,16.2,,270,,1000.0,
100000001,1132,05-02-25 00:55,-81.15897,30.36495,,,15.8,,269,,1000.0,
100000001,1133,05-02-25 00:56,-81.16442,30.36498,,,15.5,,270,,1000.0,
100000001,1134,05-02-25 00:57,-81.16999,30.3651,,,15.4,,274,,1000.0,
100000001,1135,05-02-25 00:59,-81.1759,30.36558,,,15.2,,274,,1000.0,
100000001,1136,05-02-25 01:00,-81.18015,30.36592,,,14.9,,271,,1000.0,
100000001,1137,05-02-25 01:01,-81.18543,30.36603,,,14.8,,268,,1000.0,
100000001,1138,05-02-25 01:02,-81.19139,30.36601,,,14.9,,268,,1000.0,
100000001,1139,05-02-25 01:03,-81.19647,30.36593,,,14.9,,268,,1000.0,
100000001,1140,05-02-25 01:04,-81.20171,30.36585,,,14.9,,268,,1000.0,
100000001,1141,05-02-25 01:05,-81.20701,30.36574,,,14.9,,268,,1000.0,
100000001,1142,05-02-25 01:06,-81.21226,30.36572,,,15.0,,270,,1000.0,
100000001,1143,05-02-25 01:07,-81.21751,30.36581,,,15.0,,270,,1000.0,
100000001,1144,05-02-25 01:09,-81.22336,30.36586,,,15.0,,270,,1000.0,
100000001,1145,05-02-25 01:10,-81.22858,30.36595,,,15.2,,270,,1000.0,
100000001,1146,05-02-25 01:11,-81.23401,30.36612,,,15.0,,283,,1000.0,
100000001,1147,05-02-25 01:12,-81.23916,30.36737,,,15.1,,291,,1000.0,
100000001,1148,05-02-25 01:13,-81.24456,30.36919,,,15.1,,293,,1000.0,
100000001,1149,05-02-25 01:14,-81.24955,30.37095,-81.24955,30.37095,15.2,15.2,294,294.0,0.0,
100000001,1150,05-02-25 01:15,-81.25454,30.37286,,,15.3,,294,,1000.0,
100000001,1151,05-02-25 01:16,-81.25988,30.37487,,,15.3,,294,,1000.0,
100000001,1152,05-02-25 01:18,-81.26494,30.37684,,,15.4,,294,,1000.0,
100000001,1153,05-02-25 01:19,-81.26989,30.37879,,,15.4,,294,,1000.0,
100000001,1154,05-02-25 01:20,-81.27488,30.38076,,,15.5,,294,,1000.0,
100000001,1155,05-02-25 01:21,-81.28037,30.38291,,,15.6,,294,,1000.0,
100000001,1156,05-02-25 01:22,-81.28534,30.38487,,,15.5,,294,,1000.0,
100000001,1157,05-02-25 01:23,-81.29031,30.38687,,,15.6,,294,,1000.0,
100000001,1158,05-02-25 01:24,-81.29485,30.38867,,,15.6,,293,,1000.0,
100000001,1159,05-02-25 01:25,-81.29983,30.39047,,,15.1,,282,,1000.0,
100000001,1160,05-02-25 01:26,-81.30489,30.39144,,,14.7,,278,,1000.0,
100000001,1161,05-02-25 01:27,-81.30994,30.39222,,,14.1,,278,,1000.0,
100000001,1162,05-02-25 01:29,-81.31462,30.39295,,,12.8,,278,,1000.0,
100000001,1163,05-02-25 01:30,-81.31881,30.39363,,,11.7,,271,,1000.0,
100000001,1164,05-02-25 01:31,-81.32308,30.39389,-81.32308,30.39389,10.1,10.1,260,260.0,0.0,
100000001,1165,05-02-25 01:32,-81.3263,30.39373,,,9.2,,254,,1000.0,
100000001,1166,05-02-25 01:33,-81.32923,30.39328,,,9.0,,250,,1000.0,
100000001,1167,05-02-25 01:34,-81.3325,30.39264,,,9.1,,250,,1000.0,
100000001,1168,05-02-25 01:35,-81.33586,30.39194,,,9.3,,260,,1000.0,
100000001,1169,05-02-25 01:36,-81.33891,30.39167,,,9.6,,269,,1000.0,
100000001,1170,05-02-25 01:37,-81.34252,30.39186,,,9.6,,287,,1000.0,
100000001,1171,05-02-25 01:39,-81.34591,30.39307,-81.34591,30.39307,9.8,9.8,299,299.0,0.0,
