ID,X,Y,WKT,Name,Description,Date Created,Date Updated
0,-79.955057,26.2021374818869,"POLYGON((-79.9557426897809 26.2008664850146, -79.9543713172898 26.2008664850146, -79.9543713172898 26.2034084787592, -79.9557426897809 26.2034084787592, -79.9557426897809 26.2008664850146))",rectangle#1,ship_commercial_563050400_MONTE ALEGRE__L-_W-40.0_H-185.0_C-187.0_S-16.6_source,01/21/2026 10:39:10,01/21/2026 11:21:46
1,-79.95509558,26.2021142127924,"LINESTRING(-79.954907214269 26.2032494880259, -79.9552839435637 26.2009789375588)",polyline#1,,01/21/2026 10:40:24,01/21/2026 11:05:43
2,-79.95517534,26.201739651151,"LINESTRING(-79.9554105522111 26.20176628232, -79.9549401272088 26.201713019982)",polyline#2,,01/21/2026 10:44:48,01/21/2026 11:05:52
3,-79.98257368,26.2517253821716,"POLYGON((-79.9832817073911 26.251559224911, -79.9818656546995 26.251559224911, -79.9818656546995 26.2518915394321, -79.9832817073911 26.2518915394321, -79.9832817073911 26.251559224911))",rectangle#2,ship_unverified_________visual,01/21/2026 11:03:11,01/21/2026 11:22:21
4,-79.98274431,26.2517230818048,"LINESTRING(-79.9832377349958 26.2517207814381, -79.982250877656 26.2517253821716)",polyline#3,,01/21/2026 11:03:30,01/21/2026 11:05:15
5,-79.98293157,26.2517320178449,"LINESTRING(-79.9829308129847 26.2518362421542, -79.9829323170707 26.2516277935356)",polyline#4,,01/21/2026 11:04:13,01/21/2026 11:05:26
6,-79.97065,26.2904298049398,"POLYGON((-79.9707572720945 26.2903367727995, -79.9705427186564 26.2903367727995, -79.9705427186564 26.2905228370801, -79.9707572720945 26.2905228370801, -79.9707572720945 26.2903367727995))",vessel_3,ship_unverified_________visual,01/21/2026 11:23:43,01/21/2026 11:44:52
7,-79.97066145,26.2904365290888,"LINESTRING(-79.9705846561119 26.2903672084212, -79.9707382498309 26.2905058497563)",vessel_3_length,ship_undefined_________visual,01/21/2026 11:24:23,01/21/2026 11:30:49
8,-79.97063349,26.2903985287994,"LINESTRING(-79.9706733971834 26.2903717206791, -79.970593592152 26.2904253369197)",vessel_3_width,,01/21/2026 11:24:56,01/21/2026 11:30:58
9,-79.91743875,26.3130127708428,"POLYGON((-79.9180087121204 26.3127818936482, -79.9168687919155 26.3127818936482, -79.9168687919155 26.3132436480373, -79.9180087121204 26.3132436480373, -79.9180087121204 26.3127818936482))",vessel_4,ship_unverified_________visual,01/21/2026 11:34:53,01/21/2026 11:45:00
10,-79.91744149,26.3129980396479,"LINESTRING(-79.9178881198168 26.3131398661062, -79.916994869709 26.3128562131897)",vessel_4_length,,01/21/2026 11:40:20,01/21/2026 11:41:00
11,-79.91764809,26.3130566105247,"LINESTRING(-79.9176173843443 26.3131144735962, -79.9176787864417 26.3129987474531)",vessel_4_width,,01/21/2026 11:40:37,01/21/2026 11:41:11
12,-79.99448843,26.3292727805674,"POLYGON((-79.9948437931016 26.329192975536, -79.9945980962366 26.3289255136624, -79.9941330682486 26.3293525855988, -79.9943787651137 26.3296200474724, -79.9948437931016 26.329192975536))",vessel_5,ship_unverified_________visual,01/21/2026 11:42:19,01/21/2026 11:45:05
13,-79.99445322,26.3293021987192,"LINESTRING(-79.994259942323 26.3294636225328, -79.9946464924142 26.3291407749057)",vessel_5_length,,01/21/2026 11:43:15,01/21/2026 11:43:45
14,-79.99438076,26.3293547090143,"LINESTRING(-79.994470779784 26.3294399995357, -79.9942907318473 26.3292694184929)",vessel_5_width,,01/21/2026 11:43:31,01/21/2026 11:46:59
15,-79.98728178,26.1971236113459,"POLYGON((-79.987389985472 26.1969833774492, -79.9871735740453 26.1969833774492, -79.9871735740453 26.1972638452426, -79.987389985472 26.1972638452426, -79.987389985472 26.1969833774492))",vessel_6,ship_unverified_________visual,01/21/2026 11:46:14,01/21/2026 11:48:17
16,-79.98728249,26.197134538088,"LINESTRING(-79.9872820451856 26.1972478311509, -79.987282929942 26.1970212450251)",vessel_6_length,,01/21/2026 11:47:23,01/21/2026 11:48:03
17,-79.98728333,26.1971793067642,"LINESTRING(-79.987351144664 26.1971789086238, -79.9872155115008 26.1971797049046)",vessel_6_width,,01/21/2026 11:47:32,01/21/2026 11:48:11
18,-79.13025807,26.268598085735,"POLYGON((-79.1324777901173 26.2677762797102, -79.1280383476987 26.2677762797102, -79.1280383476987 26.2694198917598, -79.1324777901173 26.2694198917598, -79.1324777901173 26.2677762797102))",vessel_7,ship_warship_538010295_AMORE MIO I__L-299.0_W-46.0_H-296.0_C-295.8_S-17.2_source,01/21/2026 11:48:32,01/21/2026 16:40:58
19,-79.13098105,26.2683706148528,"LINESTRING(-79.1323572862893 26.2680265773088, -79.1296048089862 26.2687146523967)",vessel_7_length,,01/21/2026 11:50:48,01/21/2026 11:52:07
20,-79.13125377,26.2682653730735,"LINESTRING(-79.1313171666116 26.2684701057151, -79.1311903810129 26.2680606404319)",vessel_7_width,,01/21/2026 11:51:49,01/21/2026 11:52:14
21,-78.96946871,26.3422167673707,"POLYGON((-78.9712157985196 26.3415455026552, -78.9677216298878 26.3415455026552, -78.9677216298878 26.3428880320862, -78.9712157985196 26.3428880320862, -78.9712157985196 26.3415455026552))",vessel_8,ship_228415700_228415700_ELISA AQUILA__L-297.0_W-47.0_H-291.0_C-288.0_S-10.8_source,01/21/2026 11:55:50,01/21/2026 16:42:19
22,-78.96961359,26.342226145789,"LINESTRING(-78.9709659432992 26.3425649190322, -78.9682612428442 26.3418873725459)",vessel_8_length,,01/21/2026 11:59:02,01/21/2026 12:19:27
23,-78.97042863,26.3424619776197,"LINESTRING(-78.9703275030479 26.3426728593186, -78.9705297583714 26.3422510959208)",vessel_8_width,,01/21/2026 11:59:39,01/21/2026 12:19:36
24,-79.3125743,26.2725111865439,"POLYGON((-79.31332253851 26.2718721712008, -79.3118260614574 26.2718721712008, -79.3118260614574 26.2731502018869, -79.31332253851 26.2731502018869, -79.31332253851 26.2718721712008))",vessel_9,ship_unverified_________visual,01/21/2026 12:20:01,01/21/2026 12:35:50
25,-79.31261712,26.2725389236584,"LINESTRING(-79.3119895644486 26.2719801999629, -79.3132446799427 26.273097647354)",vessel_9_length,,01/21/2026 12:23:45,01/21/2026 12:25:12
26,-79.31215479,26.2721461360343,"LINESTRING(-79.3122589727864 26.2720741610974, -79.3120506126434 26.2722181109712)",vessel_9_width,,01/21/2026 12:24:16,01/21/2026 12:25:17
27,-79.83128157,26.3138660299592,"POLYGON((-79.8314665257931 26.3137368997559, -79.8310966091231 26.3137368997559, -79.8310966091231 26.3139951601624, -79.8314665257931 26.3139951601624, -79.8314665257931 26.3137368997559))",vessel_10,ship_unverified_________visual,01/21/2026 12:32:58,01/21/2026 12:36:12
28,-79.83127741,26.3138823094778,"LINESTRING(-79.8312788689509 26.313777952455, -79.8312759492546 26.3139866665006)",vessel_10_length,,01/21/2026 12:34:33,01/21/2026 12:36:21
29,-79.83127688,26.3138456363231,"LINESTRING(-79.8313252301887 26.3138487329707, -79.8312285263091 26.3138425396755)",vessel_10_width,,01/21/2026 12:35:03,01/21/2026 12:36:25
30,-79.84759157,26.3402797258459,"POLYGON((-79.8476984445006 26.3401292730123, -79.8474846873432 26.3401292730123, -79.8474846873432 26.3404301786795, -79.8476984445006 26.3404301786795, -79.8476984445006 26.3401292730123))",vessel_11,ship_ship-to-ship_368288810_WHITECAP__L-15.0_W-5.0_H-_C-6.1_S-9.1_source,01/21/2026 12:36:48,01/21/2026 16:43:21
31,-79.84759864,26.3403225922957,"LINESTRING(-79.8476778296754 26.3403238309547, -79.8475194582716 26.3403213536367)",vessel_11_length,,01/21/2026 12:40:36,01/21/2026 12:55:43
32,-79.84759692,26.3402651716024,"LINESTRING(-79.8476001480594 26.3403749698773, -79.8475936893374 26.3401553733274)",vessel_11_width,,01/21/2026 12:42:21,01/21/2026 12:55:48
33,-78.94128546,26.412616528105,"POLYGON((-78.9422037499025 26.4119885722175, -78.9403671724722 26.4119885722175, -78.9403671724722 26.4132444839925, -78.9422037499025 26.4132444839925, -78.9422037499025 26.4119885722175))",vessel_12,ship_unverified_________visual,01/21/2026 12:58:30,01/21/2026 16:44:01
34,-78.94129073,26.4126569172367,"LINESTRING(-78.9420172432438 26.4122004713863, -78.9405642077327 26.4131133630872)",vessel_12_length,ship_cat_mmsi_name_class_L-_W-_H-_C-_S-_,01/21/2026 12:59:23,01/21/2026 13:02:27
35,-78.94120327,26.4127002260648,"LINESTRING(-78.941312446259 26.4128344878554, -78.9410940883681 26.4125659642741)",vessel_12_width,,01/21/2026 12:59:48,01/21/2026 13:02:34
36,-79.27474751,26.5552255534567,"POLYGON((-79.274904821068 26.5551171265543, -79.2745902016759 26.5551171265543, -79.2745902016759 26.5553339803591, -79.274904821068 26.5553339803591, -79.274904821068 26.5551171265543))",vessel_13,ship_unverified_________visual,01/21/2026 13:40:45,01/21/2026 13:43:35
37,-79.27474791,26.555228959769,"LINESTRING(-79.2746427562088 26.5552324103191, -79.274853062816 26.5552255092189)",vessel_13_length,,01/21/2026 13:42:24,01/21/2026 13:43:14
38,-79.27467921,26.5552145382389,"LINESTRING(-79.2746803583577 26.555262580514, -79.274678057991 26.5551664959639)",vessel_13_width,,01/21/2026 13:42:30,01/21/2026 13:43:21
39,-79.38871405,26.4871540293097,"POLYGON((-79.3900067685172 26.4865596499294, -79.387421333231 26.4865596499294, -79.387421333231 26.4877484086901, -79.3900067685172 26.4877484086901, -79.3900067685172 26.4865596499294))",vessel_14,ship_unverified_________visual,01/21/2026 13:45:03,01/21/2026 15:09:32
40,-79.38830021,26.4872509986162,"LINESTRING(-79.3876887951046 26.4875001460314, -79.3889116169885 26.4870018512011)",vessel_14_length,,01/21/2026 13:46:33,01/21/2026 14:22:07
41,-79.38799129,26.4873446943238,"LINESTRING(-79.3880544649437 26.4874507766217, -79.3879281217232 26.487238612026)",vessel_14_width,,01/21/2026 14:21:41,01/21/2026 14:22:13
42,-79.40676782,26.5245653805323,"POLYGON((-79.4072250137106 26.5232282038778, -79.4063106179237 26.5232282038778, -79.4063106179237 26.5259025571868, -79.4072250137106 26.5259025571868, -79.4072250137106 26.5232282038778))",vessel_15,ship_unverified_________visual,01/21/2026 14:30:14,01/21/2026 16:44:35
43,-79.40677034,26.5245859953575,"LINESTRING(-79.4068756233901 26.5233768429607, -79.406665051356 26.5257951477543)",vessel_15_length,,01/21/2026 14:30:41,01/21/2026 14:31:44
44,-79.40679064,26.5240801800974,"LINESTRING(-79.4070431077853 26.5240961499512, -79.4065381772816 26.5240642102435)",vessel_15_width,,01/21/2026 14:31:09,01/21/2026 14:31:48
45,-79.36712091,26.4666723599657,"POLYGON((-79.367572972551 26.4655198762193, -79.3666688399389 26.4655198762193, -79.3666688399389 26.4678248437122, -79.367572972551 26.4678248437122, -79.367572972551 26.4655198762193))",vessel_16,ship_unverified_________visual,01/21/2026 14:33:18,01/21/2026 16:44:43
46,-79.36710131,26.4666943461634,"LINESTRING(-79.3672192469239 26.4656342752278, -79.3669833708555 26.4677544170991)",vessel_16_length,,01/21/2026 14:33:37,01/21/2026 14:34:29
47,-79.36714099,26.4664254244417,"LINESTRING(-79.3673288682476 26.4664364838973, -79.366953112185 26.4664143649861)",vessel_16_width,,01/21/2026 14:34:03,01/21/2026 14:34:24
48,-79.33691643,26.4810695149936,"POLYGON((-79.3371787574142 26.4808676578104, -79.3366540968418 26.4808676578104, -79.3366540968418 26.4812713721767, -79.3371787574142 26.4812713721767, -79.3371787574142 26.4808676578104))",vessel_17,ship_unverified_________visual,01/21/2026 14:36:29,01/21/2026 14:37:38
49,-79.33690811,26.4810904394835,"LINESTRING(-79.3370651546866 26.4809543639421, -79.3367510661483 26.4812265150249)",vessel_17_length,,01/21/2026 14:36:40,01/21/2026 14:37:44
50,-79.33690466,26.4810787164606,"LINESTRING(-79.3369575683028 26.4811398088932, -79.3368517514318 26.481017624028)",vessel_17_width,,01/21/2026 14:37:00,01/21/2026 14:37:48
51,-79.73085105,26.518722625915,"POLYGON((-79.7310620639473 26.5183500992134, -79.7306400351226 26.5183500992134, -79.7306400351226 26.5190951526165, -79.7310620639473 26.5190951526165, -79.7310620639473 26.5183500992134))",vessel_18,ship_unverified_________visual,01/21/2026 14:38:02,01/21/2026 16:45:54
52,-79.73089383,26.5187194407918,"LINESTRING(-79.730742755346 26.5183874359354, -79.7310448996723 26.5190514456481)",vessel_18_length,,01/21/2026 14:38:34,01/21/2026 16:45:28
53,-79.73090931,26.5187667310238,"LINESTRING(-79.7310051741078 26.5187306329608, -79.730813447386 26.5188028290868)",vessel_18_width,,01/21/2026 14:38:41,01/21/2026 14:39:07
54,-79.91723517,26.5067268768325,"POLYGON((-79.9176742741838 26.5065530221909, -79.9167960649356 26.5065530221909, -79.9167960649356 26.5069007314742, -79.9176742741838 26.5069007314742, -79.9176742741838 26.5065530221909))",vessel_19,ship_unverified_________visual,01/21/2026 14:39:37,01/21/2026 15:11:01
55,-79.91726879,26.5067108185031,"LINESTRING(-79.9168956885114 26.5066842315719, -79.9176418920979 26.5067374054343)",vessel_19_length,,01/21/2026 14:39:47,01/21/2026 15:10:47
56,-79.91729237,26.5067176753655,"LINESTRING(-79.9172857776284 26.5068164141849, -79.9172989604995 26.5066189365461)",vessel_19_width,,01/21/2026 14:40:03,01/21/2026 15:11:10
57,-79.97718277,26.5463547199033,"POLYGON((-79.9772794311866 26.5462368261069, -79.9770861119032 26.5462368261069, -79.9770861119032 26.5464726136997, -79.9772794311866 26.5464726136997, -79.9772794311866 26.5462368261069))",vessel_20,ship_unverified_________visual,01/21/2026 14:41:08,01/21/2026 16:49:04
58,-79.97718569,26.5463537909091,"LINESTRING(-79.9771711369976 26.5462505398318, -79.9772002454847 26.5464570419863)",vessel_20_length,,01/21/2026 14:41:23,01/21/2026 16:48:20
59,-79.97718569,26.5463070757687,"LINESTRING(-79.9771152203903 26.5463157463819, -79.9772561620921 26.5462984051555)",vessel_20_width,,01/21/2026 14:41:30,01/21/2026 16:48:39
60,-79.94652251,26.5697887330316,"POLYGON((-79.9468949483708 26.5693467529491, -79.946150071919 26.5693467529491, -79.946150071919 26.5702307131141, -79.9468949483708 26.5702307131141, -79.9468949483708 26.5693467529491))",vessel_21,ship_unverified_________visual,01/21/2026 14:42:25,01/21/2026 16:50:22
61,-79.94648924,26.5697870962322,"LINESTRING(-79.9467901932076 26.5693903714418, -79.9461882933974 26.5701838210225)",vessel_21_length,,01/21/2026 14:42:57,01/21/2026 16:49:55
62,-79.94648194,26.5697973151691,"POLYGON((-79.9464079784229 26.5697525022551, -79.9465559097007 26.5698421280831, -79.9464079784229 26.5697525022551))",vessel_21_width,,01/21/2026 14:43:06,01/21/2026 16:50:08
63,-79.97355368,26.5880843461491,"POLYGON((-79.973663254641 26.5879391133785, -79.9734441004694 26.5879391133785, -79.9734441004694 26.5882295789197, -79.973663254641 26.5882295789197, -79.973663254641 26.5879391133785))",vessel_22,ship_unverified_________visual,01/21/2026 14:44:02,01/21/2026 15:12:51
64,-79.97355514,26.5880858502351,"LINESTRING(-79.9736508680508 26.5882154228166, -79.9734594067559 26.5879562776536)",vessel_22_length,,01/21/2026 14:44:20,01/21/2026 15:14:11
65,-79.97357416,26.5880981483497,"LINESTRING(-79.9736388353631 26.5880580246449, -79.9735094839707 26.5881382720545)",vessel_22_width,,01/21/2026 14:44:27,01/21/2026 15:14:25
66,-79.7156209,26.6079996828921,"POLYGON((-79.7158010769635 26.6079109860584, -79.7154407156631 26.6079109860584, -79.7154407156631 26.6080883797258, -79.7158010769635 26.6080883797258, -79.7158010769635 26.6079109860584))",vessel_23,ship_unverified_________visual,01/21/2026 14:45:35,01/21/2026 17:02:18
67,-79.71562501,26.6079964535311,"POLYGON((-79.7157928487286 26.6080459114164, -79.715457172133 26.6079469956458, -79.7157928487286 26.6080459114164))",vessel_23_length,,01/21/2026 14:46:01,01/21/2026 16:58:56
68,-79.71559572,26.6079874290153,"LINESTRING(-79.7155568841845 26.6080540511757, -79.7156345658004 26.607920806855)",vessel_23_width,,01/21/2026 14:46:07,01/21/2026 16:59:08
69,-79.01989837,26.7060345457867,"POLYGON((-79.020114694722 26.705872900784, -79.01968204882 26.705872900784, -79.01968204882 26.7061961907893, -79.020114694722 26.7061961907893, -79.020114694722 26.705872900784))",vessel_24,ship_unverified_________visual,01/21/2026 14:49:45,01/21/2026 17:03:34
70,-79.01991209,26.7060275562108,"POLYGON((-79.0198845695704 26.7061241716146, -79.0199396014214 26.7059309408069, -79.0198845695704 26.7061241716146))",vessel_24_width,,01/21/2026 09:19:08,01/21/2026 17:03:17
71,-79.01992483,26.7060507368296,"LINESTRING(-79.0197507059202 26.7060177354142, -79.0200989460573 26.7060837382451)",vessel_24_length,,01/21/2026 09:18:59,01/21/2026 17:03:04
72,-79.22680835,26.740984946955,"POLYGON((-79.2271868977696 26.740823877044, -79.2264298116788 26.740823877044, -79.2264298116788 26.741146016866, -79.2271868977696 26.741146016866, -79.2271868977696 26.740823877044))",vessel_25,ship_unverified_________visual,01/21/2026 14:52:09,01/21/2026 17:05:30
73,-79.22682118,26.7409528745338,"LINESTRING(-79.2271476145834 26.7410180810839, -79.226494752802 26.7408876679838)",vessel_25_length,,01/21/2026 14:52:38,01/21/2026 17:04:18
74,-79.22685383,26.7409616778605,"LINESTRING(-79.2268879385665 26.7408586479723, -79.2268197238445 26.7410647077486)",vessel_25_width,,01/21/2026 14:52:56,01/21/2026 17:04:31
75,-79.28241242,26.7299225716852,"POLYGON((-79.2826420161873 26.729794414714, -79.2821828275919 26.729794414714, -79.2821828275919 26.7300507286564, -79.2826420161873 26.7300507286564, -79.2826420161873 26.729794414714))",vessel_26,ship_unverified_________visual,01/21/2026 14:57:16,01/21/2026 17:06:12
76,-79.28239902,26.7299388512038,"POLYGON((-79.2825827375054 26.729922615923, -79.2822152981535 26.7299550864846, -79.2825827375054 26.729922615923))",vessel_26_length,,01/21/2026 14:58:24,01/21/2026 17:06:03
77,-79.28234452,26.7299414169975,"POLYGON((-79.2823378369212 26.7298679379746, -79.2823511967435 26.7300148960203, -79.2823378369212 26.7298679379746))",vessel_26_width,,01/21/2026 14:59:30,01/21/2026 17:05:58
78,-79.07880678,26.8230796395801,"POLYGON((-79.0790667245165 26.8227496696636, -79.0785468416288 26.8227496696636, -79.0785468416288 26.8234096094966, -79.0790667245165 26.8234096094966, -79.0790667245165 26.8227496696636))",vessel_27,ship_unverified_________visual,01/21/2026 15:06:15,01/21/2026 15:15:28
79,-79.07884138,26.823134184815,"LINESTRING(-79.0789853269234 26.8233804125339, -79.0786974271759 26.8228879570961)",vessel_27_length,,01/21/2026 15:06:40,01/21/2026 15:15:31
80,-79.07881081,26.8230446474627,"LINESTRING(-79.0789351612329 26.8229794409126, -79.078686456196 26.8231098540127)",vessel_27_width,,01/21/2026 15:06:46,01/21/2026 15:15:35
81,-79.39586753,26.7995049059391,"POLYGON((-79.3962398776785 26.7986513813958, -79.395495178178 26.7986513813958, -79.395495178178 26.8003584304824, -79.3962398776785 26.8003584304824, -79.3962398776785 26.7986513813958))",vessel_28,ship_unverified_________visual,01/21/2026 15:16:00,01/21/2026 17:07:18
82,-79.39589164,26.799528838601,"LINESTRING(-79.3957683909684 26.800344097428, -79.3960148841143 26.7987135797739)",vessel_28_length,,01/21/2026 15:16:12,01/21/2026 15:20:13
83,-79.39591309,26.7997822770849,"LINESTRING(-79.3960738088936 26.7997989989817, -79.3957523768768 26.7997655551881)",vessel_28_width,,01/21/2026 15:16:31,01/21/2026 15:20:17
84,-79.27968852,26.9008638430387,"POLYGON((-79.280102411285 26.9006792828441, -79.2792746331543 26.9006792828441, -79.2792746331543 26.9010484032333, -79.280102411285 26.9010484032333, -79.280102411285 26.9006792828441))",vessel_29,ship_unverified_________visual,01/21/2026 15:20:37,01/21/2026 17:08:08
85,-79.27969078,26.9008856965229,"LINESTRING(-79.279337185435 26.9008437590674, -79.2800443712622 26.9009276339784)",vessel_29_length,,01/21/2026 15:21:45,01/21/2026 17:07:54
86,-79.27970781,26.9008776452392,"LINESTRING(-79.2796923266724 26.9009621394798, -79.279723293148 26.9007931509987)",vessel_29_width,,01/21/2026 15:21:57,01/21/2026 17:07:48
87,-79.92247425,26.6843527043238,"POLYGON((-79.9225944047794 26.6842697141692, -79.9223541049287 26.6842697141692, -79.9223541049287 26.6844356944785, -79.9225944047794 26.6844356944785, -79.9225944047794 26.6842697141692))",vessel_31,ship_unverified_________visual,01/21/2026 15:27:44,01/21/2026 17:09:31
88,-79.92246713,26.684349165298,"POLYGON((-79.9223722424358 26.6843166947365, -79.9225620226935 26.6843816358596, -79.9223722424358 26.6843166947365))",vessel_31_length,,01/21/2026 15:28:12,01/21/2026 17:08:52
89,-79.92249443,26.6843599593267,"LINESTRING(-79.922457090579 26.6844122484326, -79.922531764023 26.6843076702207)",vessel_31_width,,01/21/2026 15:28:37,01/21/2026 17:09:02
90,-79.76186433,26.784479485359,"POLYGON((-79.7619636869058 26.7843965394422, -79.7617649706081 26.7843965394422, -79.7617649706081 26.7845624312758, -79.7619636869058 26.7845624312758, -79.7619636869058 26.7843965394422))",vessel_32,ship_unverified_________visual,01/21/2026 15:29:40,01/21/2026 17:10:19
91,-79.76185407,26.7844843072817,"LINESTRING(-79.761932278052 26.7844096338376, -79.7617758531123 26.7845589807257)",vessel_32_length,,01/21/2026 15:30:13,01/21/2026 17:09:58
92,-79.76190202,26.7844659928232,"LINESTRING(-79.7618555696681 26.7844228167087, -79.7619484690949 26.7845091689378)",vessel_32_width,,01/21/2026 15:30:20,01/21/2026 17:10:07
93,-79.99323155,26.812138077803,"POLYGON((-79.9933394417167 26.8120037717745, -79.9931236496195 26.8120037717745, -79.9931236496195 26.8122723838314, -79.9933394417167 26.8122723838314, -79.9933394417167 26.8120037717745))",vessel_33,ship_unverified_________visual,01/21/2026 15:32:52,01/21/2026 17:11:04
94,-79.99324203,26.8121448019519,"LINESTRING(-79.9932326516137 26.8120324378833, -79.9932514084503 26.8122571660206)",vessel_33_length,,01/21/2026 15:33:18,01/21/2026 17:10:41
95,-79.99325141,26.8121646647342,"POLYGON((-79.993316703476 26.8121583387256, -79.9931861134246 26.8121709907427, -79.993316703476 26.8121583387256))",vessel_33_width,,01/21/2026 15:33:24,01/21/2026 17:10:52
96,-79.57958061,26.730279084295,"POLYGON((-79.5796592673287 26.7302198940888, -79.5795019576326 26.7302198940888, -79.5795019576326 26.7303382745013, -79.5796592673287 26.7303382745013, -79.5796592673287 26.7302198940888))",vessel_30,ship_unverified_________visual,01/21/2026 15:38:39,01/21/2026 17:12:33
97,-79.57958566,26.7302839504555,"LINESTRING(-79.5796460844576 26.7302372353151, -79.5795252267271 26.7303306655958)",vessel_30_length,,01/21/2026 15:38:57,01/21/2026 17:11:27
98,-79.57960583,26.7302718292922,"LINESTRING(-79.5795864518732 26.7302490025759, -79.5796252042055 26.7302946560085)",vessel_30_width,,01/21/2026 15:39:04,01/21/2026 17:11:36
99,-79.92383183,26.9289135863073,"POLYGON((-79.9239018978551 26.9288555020466, -79.9237617524341 26.9288555020466, -79.9237617524341 26.928971670568, -79.9239018978551 26.928971670568, -79.9239018978551 26.9288555020466))",vessel_37,ship_unverified_________visual,01/21/2026 15:44:09,01/21/2026 17:13:16
100,-79.92382864,26.9289213279262,"POLYGON((-79.9238763283938 26.9288845220581, -79.923780951649 26.9289581337944, -79.9238763283938 26.9288845220581))",vessel_37_length,,01/21/2026 15:44:25,01/21/2026 17:13:12
101,-79.92385514,26.9289067294449,"LINESTRING(-79.9238276667893 26.9288748782128, -79.9238826101646 26.9289385806769)",vessel_37_width,,01/21/2026 15:44:48,01/21/2026 17:12:57
102,-79.85892914,26.8702856870368,"POLYGON((-79.8590174876153 26.8702098634094, -79.8588408017531 26.8702098634094, -79.8588408017531 26.8703615106642, -79.8590174876153 26.8703615106642, -79.8590174876153 26.8702098634094))",vessel_34,ship_unverified_________visual,01/21/2026 15:46:46,01/21/2026 15:48:47
103,-79.85892525,26.8702878546901,"LINESTRING(-79.8588630091399 26.87022366561, -79.8589874943718 26.8703520437703)",vessel_34_length,,01/21/2026 15:46:54,01/21/2026 15:48:22
104,-79.85891269,26.8702675495297,"LINESTRING(-79.8589564394206 26.8702354328707, -79.8588689370081 26.8702996661887)",vessel_34_width,,01/21/2026 15:47:27,01/21/2026 15:48:29
105,-79.89806683,26.9161663693376,"POLYGON((-79.8981860978529 26.9160995259881, -79.8979475675151 26.9160995259881, -79.8979475675151 26.9162332126871, -79.8981860978529 26.9162332126871, -79.8981860978529 26.9160995259881))",vessel_35,ship_unverified_________visual,01/21/2026 15:48:59,01/21/2026 17:14:42
106,-79.89806573,26.9161723856814,"POLYGON((-79.8979608388618 26.9161304039881, -79.8981706146151 26.9162143673748, -79.8979608388618 26.9161304039881))",vessel_35_length,,01/21/2026 15:49:10,01/21/2026 17:13:58
107,-79.89804246,26.9161485414952,"LINESTRING(-79.898070814088 26.9160995259881, -79.8980141011998 26.9161975570023)",vessel_35_width,,01/21/2026 15:49:55,01/21/2026 17:14:36
108,-79.89920958,26.9165244745091,"POLYGON((-79.8994371434674 26.9163846829906, -79.8989820247516 26.9163846829906, -79.8989820247516 26.9166642660275, -79.8994371434674 26.9166642660275, -79.8994371434674 26.9163846829906))",vessel_36,ship_unverified_________visual,01/21/2026 15:53:08,01/21/2026 16:07:57
109,-79.89922153,26.9165106280707,"LINESTRING(-79.8990050284192 26.9164255587384, -79.8994380282238 26.916595697403)",vessel_36_length,,01/21/2026 15:54:29,01/21/2026 16:07:32
110,-79.89916296,26.9164920924231,"LINESTRING(-79.899109872058 26.9165641115978, -79.8992160428315 26.9164200732484)",vessel_36_width,,01/21/2026 15:55:50,01/21/2026 16:07:42
111,-79.95166272,26.7819740320556,"POLYGON((-79.9517947295681 26.7819217871875, -79.9515307182446 26.7819217871875, -79.9515307182446 26.7820262769237, -79.9517947295681 26.7820262769237, -79.9517947295681 26.7819217871875))",vessel_38,ship_unverified_________visual,01/21/2026 16:08:53,01/21/2026 17:14:56
112,-79.95166029,26.7819604510441,"LINESTRING(-79.9517805734649 26.7819643439725, -79.9515400081873 26.7819565581158)",vessel_38_length,,01/21/2026 16:09:30,01/21/2026 16:10:34
113,-79.95168321,26.7819727491587,"LINESTRING(-79.9516798881814 26.7820182256401, -79.9516865238547 26.7819272726774)",vessel_38_width,,01/21/2026 16:09:44,01/21/2026 16:10:39
114,-79.97960311,26.901468175929,"POLYGON((-79.9796830490232 26.9014004478231, -79.9795231735334 26.9014004478231, -79.9795231735334 26.901535904035, -79.9796830490232 26.901535904035, -79.9796830490232 26.9014004478231))",vessel_41,ship_unverified_________visual,01/21/2026 16:15:44,01/21/2026 16:17:32
115,-79.97959581,26.9014752539806,"LINESTRING(-79.9796548252925 26.9014230975881, -79.9795367987826 26.9015274103731)",vessel_41_length,,01/21/2026 16:16:17,01/21/2026 16:17:16
116,-79.97962474,26.9014463224448,"LINESTRING(-79.9795912113041 26.901416904293, -79.9796582758427 26.9014757405967)",vessel_41_width,,01/21/2026 16:16:23,01/21/2026 16:17:25
117,-79.9803901,26.8972815526649,"POLYGON((-79.9804726056755 26.8971813097596, -79.9803075985983 26.8971813097596, -79.9803075985983 26.8973817955703, -79.9804726056755 26.8973817955703, -79.9804726056755 26.8971813097596))",vessel_42,ship_unverified_________visual,01/21/2026 16:17:49,01/21/2026 16:19:04
118,-79.98039015,26.8972712452523,"LINESTRING(-79.980447567068 26.8972708471119, -79.9803327256814 26.8972716433927)",vessel_42_length,,01/21/2026 16:17:59,01/21/2026 16:18:46
119,-79.9803959,26.8972854455933,"LINESTRING(-79.980398286134 26.897370647639, -79.9803935084492 26.8972002435476)",vessel_42_width,,01/21/2026 16:18:05,01/21/2026 16:18:52
120,-79.6653201,26.8633299088106,"POLYGON((-79.6656913915649 26.8631076579913, -79.6649488154799 26.8631076579913, -79.6649488154799 26.8635521596298, -79.6656913915649 26.8635521596298, -79.6656913915649 26.8631076579913))",vessel_43,ship_unverified_________visual,01/21/2026 16:19:36,01/21/2026 16:20:55
121,-79.66529794,26.8632980575785,"LINESTRING(-79.6650066785514 26.863193125464, -79.6655892021954 26.863402989693)",vessel_43_length,,01/21/2026 16:19:42,01/21/2026 16:20:38
122,-79.66526131,26.8633049586788,"LINESTRING(-79.6651918580756 26.8634202424437, -79.6653307648376 26.8631896749139)",vessel_43_width,,01/21/2026 16:19:50,01/21/2026 16:20:48
123,-78.94863779,26.9751741387881,"POLYGON((-78.9491546619684 26.9750399654731, -78.948120912537 26.9750399654731, -78.948120912537 26.9753083121032, -78.9491546619684 26.9753083121032, -78.9491546619684 26.9750399654731))",vessel_44,ship_unverified_________visual,01/21/2026 16:21:10,01/21/2026 16:23:16
124,-78.94864907,26.975182145834,"LINESTRING(-78.9490895438939 26.9751401199028, -78.9482085919008 26.9752241717651)",vessel_44_length,,01/21/2026 16:22:07,01/21/2026 16:22:33
125,-78.94867601,26.9751891354099,"LINESTRING(-78.948687245138 26.97527424898, -78.9486647723243 26.9751040218398)",vessel_44_width,,01/21/2026 16:22:12,01/21/2026 16:22:38
126,-79.68870691,27.0062381587923,"POLYGON((-79.6891327481717 27.0060739479959, -79.6882810816169 27.0060739479959, -79.6882810816169 27.0064023695886, -79.6891327481717 27.0064023695886, -79.6891327481717 27.0060739479959))",vessel_45,ship_unverified_________visual,01/21/2026 16:23:39,01/21/2026 16:24:25
127,-79.68876407,27.0062241354026,"LINESTRING(-79.6891189459711 27.0062864664942, -79.6884091943502 27.006161804311)",vessel_45_length,,01/21/2026 16:23:47,01/21/2026 16:24:14
128,-79.68878181,27.0062337792479,"LINESTRING(-79.6887600887567 27.0063303504139, -79.6888035302982 27.0061372080818)",vessel_45_width,,01/21/2026 16:23:55,01/21/2026 16:24:19
129,-79.91484,27.0976908761077,"POLYGON((-79.9149695737287 27.0975218433887, -79.9147104285657 27.0975218433887, -79.9147104285657 27.0978599088266, -79.9149695737287 27.0978599088266, -79.9149695737287 27.0975218433887))",vessel_46,ship_unverified_________visual,01/21/2026 16:24:41,01/21/2026 17:15:51
130,-79.91483261,27.0976952556521,"LINESTRING(-79.9148273933679 27.0978461951017, -79.9148378334939 27.0975443162024)",vessel_46_length,,01/21/2026 16:25:08,01/21/2026 16:30:05
131,-79.9148289,27.0977328135632,"LINESTRING(-79.9149073753506 27.0977367507294, -79.9147504195571 27.097728876397)",vessel_46_width,,01/21/2026 16:25:15,01/21/2026 16:30:15
132,-79.91473817,27.0986089436337,"POLYGON((-79.9148599524051 27.0983932400122, -79.9146163789555 27.0983932400122, -79.9146163789555 27.0988246472552, -79.9148599524051 27.0988246472552, -79.9148599524051 27.0983932400122))",vessel_47,ship_unverified_________visual,01/21/2026 16:26:05,01/21/2026 16:33:42
133,-79.91472724,27.0986165525392,"LINESTRING(-79.9147272389382 27.0987980160862, -79.9147272389382 27.0984350889921)",vessel_47_length,,01/21/2026 16:26:39,01/21/2026 16:28:27
134,-79.91473122,27.0986374770291,"LINESTRING(-79.9148192536086 27.0986361056566, -79.9146431870759 27.0986388484016)",vessel_47_width,,01/21/2026 16:26:46,01/21/2026 16:29:13
135,-79.93239361,27.0636693807319,"POLYGON((-79.9324992531911 27.06350853201, -79.9322879733518 27.06350853201, -79.9322879733518 27.0638302294537, -79.9324992531911 27.0638302294537, -79.9324992531911 27.06350853201))",vessel_48,ship_unverified_________visual,01/21/2026 16:33:49,01/21/2026 16:35:32
136,-79.93240432,27.0636587636545,"POLYGON((-79.9324070615694 27.0637786481529, -79.9324015760794 27.0635388791561, -79.9324070615694 27.0637786481529))",vessel_48_length,,01/21/2026 16:33:58,01/21/2026 17:16:28
137,-79.93239476,27.0636602677405,"LINESTRING(-79.9324720026925 27.0636623026803, -79.9323175242171 27.0636582328007)",vessel_48_width,,01/21/2026 16:34:03,01/21/2026 16:35:24
138,-79.71926503,27.1098633110523,"POLYGON((-79.7194373374805 27.1097278548405, -79.7190927248448 27.1097278548405, -79.7190927248448 27.1099987672642, -79.7194373374805 27.1099987672642, -79.7194373374805 27.1097278548405))",vessel_49,ship_unverified_________visual,01/21/2026 16:36:02,01/21/2026 16:37:50
139,-79.7192714,27.1098735742271,"LINESTRING(-79.719384429045 27.1099495748058, -79.7191583737731 27.1097975736484)",vessel_49_length,,01/21/2026 16:36:11,01/21/2026 16:37:38
140,-79.71925831,27.1098538441584,"LINESTRING(-79.7192171216011 27.1099022403359, -79.7192994924262 27.1098054479808)",vessel_49_width,,01/21/2026 16:36:17,01/21/2026 16:37:43
